SampleID,Year,Lake,Site,CollectionDate,Location,Depth,VolumeFiltered,Isotopes,Type,Comments
A-0292,2010,Ward,A,30-May-10,NA,0.5,NA,NA,NA,NA
A-0293,2010,Ward,B,30-May-10,NA,0.5,NA,NA,NA,NA
A-0294,2010,Ward,C,30-May-10,NA,0.5,NA,NA,NA,NA
A-0295,2010,Ward,D,30-May-10,NA,0.5,NA,NA,NA,NA
A-0296,2010,Ward,E,30-May-10,NA,0.5,NA,NA,NA,NA
A-0297,2010,Ward,A,25-Jun-10,NA,0.5,NA,NA,NA,NA
A-0298,2010,Ward,B,25-Jun-10,NA,0.5,NA,NA,NA,NA
A-0299,2010,Ward,C,25-Jun-10,NA,0.5,NA,NA,NA,NA
A-0300,2010,Ward,D,25-Jun-10,NA,0.5,NA,NA,NA,NA
A-0301,2010,Ward,E,25-Jun-10,NA,0.5,NA,NA,NA,NA
A-0302,2010,Ward,A,20-Jul-10,NA,0.5,NA,NA,NA,NA
A-0303,2010,Ward,B,20-Jul-10,NA,0.5,NA,NA,NA,NA
A-0304,2010,Ward,C,20-Jul-10,NA,0.5,NA,NA,NA,NA
A-0305,2010,Ward,D,20-Jul-10,NA,0.5,NA,NA,NA,NA
A-0306,2010,Ward,E,20-Jul-10,NA,0.5,NA,NA,NA,NA
A-0307,2010,Ward,A,17-Aug-10,NA,0.5,NA,NA,NA,NA
A-0308,2010,Ward,B,17-Aug-10,NA,0.5,NA,NA,NA,NA
A-0309,2010,Ward,C,17-Aug-10,NA,0.5,NA,NA,NA,NA
A-0310,2010,Ward,D,17-Aug-10,NA,0.5,NA,NA,NA,NA
A-0311,2010,Ward,E,17-Aug-10,NA,0.5,NA,NA,NA,NA
A-0312,2012,Ward,A,18-Jun-12,NA,0.1,NA,NA,NA,NA
A-0313,2012,Ward,B,18-Jun-12,NA,0.1,NA,NA,NA,NA
A-0314,2012,Ward,C,18-Jun-12,NA,0.1,NA,NA,NA,NA
A-0315,2012,Ward,A,16-Jul-12,NA,0.1,NA,NA,NA,NA
A-0316,2012,Ward,B,16-Jul-12,NA,0.1,NA,NA,NA,NA
A-0317,2012,Ward,C,16-Jul-12,NA,0.1,NA,NA,NA,NA
A-0318,2012,Ward,A,13-Aug-12,NA,0.1,NA,NA,NA,NA
A-0319,2012,Ward,B,13-Aug-12,NA,0.1,NA,NA,NA,NA
A-0320,2012,Ward,C,13-Aug-12,NA,0.1,NA,NA,NA,NA
B-0827,2010,Ward,E,30-May-10,NA,0,NA,NA,NA,Guts
B-0828,2010,Ward,D,30-May-10,NA,0,NA,NA,NA,Guts
B-0829,2010,Ward,C,30-May-10,NA,0,NA,NA,NA,Guts
B-0830,2010,Ward,B,30-May-10,NA,0,NA,NA,NA,Guts
B-0831,2010,Ward,E,30-May-10,NA,0,NA,NA,NA,Feet
B-0832,2010,Ward,D,30-May-10,NA,0,NA,NA,NA,Feet
B-0833,2010,Ward,C,30-May-10,NA,0,NA,NA,NA,Feet
B-0834,2010,Ward,B,30-May-10,NA,0,NA,NA,NA,Feet
B-0835,2010,Ward,A,25-Jun-10,NA,0,NA,NA,NA,whole?
B-0836,2010,Ward,B,25-Jun-10,NA,0,NA,NA,NA,whole?
B-0837,2010,Ward,C,25-Jun-10,NA,0,NA,NA,NA,whole?
B-0838,2010,Ward,D,25-Jun-10,NA,0,NA,NA,NA,whole?
B-0839,2010,Ward,E,25-Jun-10,NA,0,NA,NA,NA,didn't grind well
B-0840,2010,Ward,A,25-Jun-10,NA,0,NA,NA,NA,whole
B-0841,2010,Ward,C,25-Jun-10,NA,0,NA,NA,NA,Feet
B-0842,2010,Ward,C,25-Jun-10,NA,0,NA,NA,NA,Guts
B-0843,2010,Ward,A,28-Jun-10,NA,0,NA,NA,NA,on chara
B-0844,2010,Ward,A,20-Jul-10,NA,0,NA,NA,NA,Rotten
B-0845,2010,Ward,B,20-Jul-10,NA,0,NA,NA,NA,Rotten
B-0846,2010,Ward,C,20-Jul-10,NA,0,NA,NA,NA,Rotten
B-0847,2010,Ward,D,20-Jul-10,NA,0,NA,NA,NA,Rotten
B-0848,2010,Ward,A,28-Jul-10,NA,0,NA,NA,NA,Feet
B-0849,2010,Ward,B,28-Jul-10,NA,0,NA,NA,NA,Guts
B-0850,2010,Ward,C,28-Jul-10,NA,0,NA,NA,NA,Feet
B-0851,2010,Ward,D,28-Jul-10,NA,0,NA,NA,NA,Feet
B-0852,2010,Ward,E,28-Jul-10,NA,0,NA,NA,NA,Feet
B-0853,2010,Ward,A,28-Jul-10,NA,0,NA,NA,NA,one big
B-0854,2010,Ward,E,28-Jul-10,NA,0,NA,NA,NA,"one big, one smIntegrated"
B-0855,2010,Ward,A,28-Jul-10,NA,0,NA,NA,NA,Guts
B-0856,2010,Ward,B,28-Jul-10,NA,0,NA,NA,NA,Feet
B-0857,2010,Ward,C,28-Jul-10,NA,0,NA,NA,NA,Guts
B-0858,2010,Ward,D,28-Jul-10,NA,0,NA,NA,NA,Guts
B-0859,2010,Ward,E,28-Jul-10,NA,0,NA,NA,NA,Guts
B-0860,2010,Ward,A,17-Aug-10,NA,0,NA,NA,NA,Feet
B-0861,2010,Ward,B,17-Aug-10,NA,0,NA,NA,NA,Feet
B-0862,2010,Ward,C,17-Aug-10,NA,0,NA,NA,NA,Feet
B-0863,2010,Ward,D,17-Aug-10,NA,0,NA,NA,NA,Feet
B-0864,2010,Ward,E,17-Aug-10,NA,0,NA,NA,NA,Feet
B-0865,2010,Ward,A,17-Aug-10,NA,0,NA,NA,NA,Guts
B-0866,2010,Ward,B,17-Aug-10,NA,0,NA,NA,NA,Guts
B-0867,2010,Ward,C,17-Aug-10,NA,0,NA,NA,NA,Guts
B-0868,2010,Ward,D,17-Aug-10,NA,0,NA,NA,NA,Guts
B-0869,2010,Ward,E,17-Aug-10,NA,0,NA,NA,NA,Guts
B-0870,2012,Ward,A,18-Jun-12,NA,0,NA,NA,NA,NA
B-0871,2012,Ward,B,18-Jun-12,NA,0,NA,NA,NA,NA
B-0872,2012,Ward,C,18-Jun-12,NA,0,NA,NA,NA,NA
B-0873,2012,Ward,A,16-Jul-12,NA,0,NA,NA,NA,NA
B-0874,2012,Ward,B,16-Jul-12,NA,0,NA,NA,NA,NA
B-0875,2012,Ward,C,16-Jul-12,NA,0,NA,NA,NA,NA
B-0876,2012,Ward,A,13-Aug-12,NA,0,NA,NA,NA,NA
B-0877,2012,Ward,B,13-Aug-12,NA,0,NA,NA,NA,NA
B-0878,2012,Ward,C,13-Aug-12,NA,0,NA,NA,NA,NA
F-0975,2010,Ward,B,26-May-10,NA,NA,NA,NA,NA,NA
F-0976,2010,Ward,B,26-May-10,NA,NA,NA,NA,NA,NA
F-0977,2010,Ward,B,26-May-10,NA,NA,NA,NA,NA,NA
F-0978,2010,Ward,B,26-May-10,NA,NA,NA,NA,NA,NA
F-0979,2010,Ward,B,26-May-10,NA,NA,NA,NA,NA,NA
F-0980,2010,Ward,B,26-May-10,NA,NA,NA,NA,NA,NA
F-0981,2010,Ward,B,26-May-10,NA,NA,NA,NA,NA,NA
F-0982,2010,Ward,B,26-May-10,NA,NA,NA,NA,NA,NA
F-0983,2010,Ward,B,26-May-10,NA,NA,NA,NA,NA,NA
F-0984,2010,Ward,B,26-May-10,NA,NA,NA,NA,NA,NA
F-0985,2010,Ward,C,26-May-10,NA,NA,NA,NA,NA,NA
F-0986,2010,Ward,C,26-May-10,NA,NA,NA,NA,NA,NA
F-0987,2010,Ward,C,26-May-10,NA,NA,NA,NA,NA,NA
F-0988,2010,Ward,C,26-May-10,NA,NA,NA,NA,NA,NA
F-0989,2010,Ward,C,26-May-10,NA,NA,NA,NA,NA,NA
F-0990,2010,Ward,C,26-May-10,NA,NA,NA,NA,NA,NA
F-0991,2010,Ward,C,26-May-10,NA,NA,NA,NA,NA,NA
F-0992,2010,Ward,C,26-May-10,NA,NA,NA,NA,NA,NA
F-0993,2010,Ward,C,26-May-10,NA,NA,NA,NA,NA,NA
F-0994,2010,Ward,E,26-May-10,NA,NA,NA,NA,NA,NA
F-0995,2010,Ward,E,26-May-10,NA,NA,NA,NA,NA,NA
F-0996,2010,Ward,E,26-May-10,NA,NA,NA,NA,NA,NA
F-0997,2010,Ward,A,26-May-10,NA,NA,NA,NA,NA,NA
F-0998,2010,Ward,A,26-May-10,NA,NA,NA,NA,NA,NA
F-0999,2010,Ward,A,26-May-10,NA,NA,NA,NA,NA,NA
F-1000,2010,Ward,A,26-May-10,NA,NA,NA,NA,NA,NA
F-1001,2010,Ward,A,26-May-10,NA,NA,NA,NA,NA,NA
F-1002,2010,Ward,A,26-May-10,NA,NA,NA,NA,NA,NA
F-1003,2010,Ward,A,26-May-10,NA,NA,NA,NA,NA,NA
F-1004,2010,Ward,A,26-May-10,NA,NA,NA,NA,NA,NA
F-1005,2010,Ward,A,26-May-10,NA,NA,NA,NA,NA,NA
F-1006,2010,Ward,A,26-May-10,NA,NA,NA,NA,NA,NA
F-1007,2010,Ward,A,26-May-10,NA,NA,NA,NA,NA,NA
F-1008,2010,Ward,D,26-May-10,NA,NA,NA,NA,NA,NA
F-1009,2010,Ward,D,26-May-10,NA,NA,NA,NA,NA,NA
F-1010,2010,Ward,D,26-May-10,NA,NA,NA,NA,NA,NA
F-1011,2010,Ward,D,26-May-10,NA,NA,NA,NA,NA,NA
F-1012,2010,Ward,D,26-May-10,NA,NA,NA,NA,NA,NA
F-1013,2010,Ward,D,26-May-10,NA,NA,NA,NA,NA,NA
F-1014,2010,Ward,D,26-May-10,NA,NA,NA,NA,NA,NA
F-1015,2010,Ward,D,26-May-10,NA,NA,NA,NA,NA,NA
F-1016,2010,Ward,D,26-May-10,NA,NA,NA,NA,NA,NA
F-1017,2010,Ward,D,26-May-10,NA,NA,NA,NA,NA,NA
F-1018,2010,Ward,D,26-May-10,NA,NA,NA,NA,NA,NA
F-1019,2010,Ward,X,26-May-10,NA,NA,NA,NA,NA,NA
F-1020,2010,Ward,X,26-May-10,NA,NA,NA,NA,NA,NA
F-1021,2010,Ward,X,26-May-10,NA,NA,NA,NA,NA,NA
F-1022,2010,Ward,A,24-Jun-10,NA,NA,NA,NA,NA,NA
F-1023,2010,Ward,A,24-Jun-10,NA,NA,NA,NA,NA,NA
F-1024,2010,Ward,A,24-Jun-10,NA,NA,NA,NA,NA,NA
F-1025,2010,Ward,B,24-Jun-10,NA,NA,NA,NA,NA,NA
F-1026,2010,Ward,B,24-Jun-10,NA,NA,NA,NA,NA,NA
F-1027,2010,Ward,B,24-Jun-10,NA,NA,NA,NA,NA,NA
F-1028,2010,Ward,B,24-Jun-10,NA,NA,NA,NA,NA,NA
F-1029,2010,Ward,C,24-Jun-10,NA,NA,NA,NA,NA,NA
F-1030,2010,Ward,C,24-Jun-10,NA,NA,NA,NA,NA,NA
F-1031,2010,Ward,C,24-Jun-10,NA,NA,NA,NA,NA,NA
F-1032,2010,Ward,D,24-Jun-10,NA,NA,NA,NA,NA,NA
F-1033,2010,Ward,D,24-Jun-10,NA,NA,NA,NA,NA,NA
F-1034,2010,Ward,D,24-Jun-10,NA,NA,NA,NA,NA,NA
F-1035,2010,Ward,E,24-Jun-10,NA,NA,NA,NA,NA,NA
F-1036,2010,Ward,E,24-Jun-10,NA,NA,NA,NA,NA,NA
F-1037,2010,Ward,E,24-Jun-10,NA,NA,NA,NA,NA,NA
F-1038,2010,Ward,E,24-Jun-10,NA,NA,NA,NA,NA,NA
F-1039,2010,Ward,E,24-Jun-10,NA,NA,NA,NA,NA,NA
F-1040,2010,Ward,X,24-Jun-10,NA,NA,NA,NA,NA,NA
F-1041,2010,Ward,X,24-Jun-10,NA,NA,NA,NA,NA,NA
F-1042,2010,Ward,A,21-Jul-10,NA,NA,NA,NA,NA,NA
F-1043,2010,Ward,A,21-Jul-10,NA,NA,NA,NA,NA,NA
F-1044,2010,Ward,A,21-Jul-10,NA,NA,NA,NA,NA,NA
F-1045,2010,Ward,E,21-Jul-10,NA,NA,NA,NA,NA,NA
F-1046,2010,Ward,E,21-Jul-10,NA,NA,NA,NA,NA,NA
F-1047,2010,Ward,X,21-Jul-10,NA,NA,NA,NA,NA,NA
F-1048,2010,Ward,X,21-Jul-10,NA,NA,NA,NA,NA,NA
F-1049,2010,Ward,X,21-Jul-10,NA,NA,NA,NA,NA,NA
F-1050,2010,Ward,X,21-Jul-10,NA,NA,NA,NA,NA,NA
F-1051,2010,Ward,X,21-Jul-10,NA,NA,NA,NA,NA,NA
F-1052,2010,Ward,X,21-Jul-10,NA,NA,NA,NA,NA,NA
F-1053,2010,Ward,X,21-Jul-10,NA,NA,NA,NA,NA,NA
F-1054,2010,Ward,X,21-Jul-10,NA,NA,NA,NA,NA,NA
F-1055,2010,Ward,B,22-Jul-10,NA,NA,NA,NA,NA,NA
F-1056,2010,Ward,B,22-Jul-10,NA,NA,NA,NA,NA,NA
F-1057,2010,Ward,C,22-Jul-10,NA,NA,NA,NA,NA,NA
F-1058,2010,Ward,D,22-Jul-10,NA,NA,NA,NA,NA,NA
F-1059,2010,Ward,D,22-Jul-10,NA,NA,NA,NA,NA,NA
F-1060,2010,Ward,D,22-Jul-10,NA,NA,NA,NA,NA,NA
F-1061,2010,Ward,E,22-Jul-10,NA,NA,NA,NA,NA,NA
F-1062,2010,Ward,A,18-Aug-10,NA,NA,NA,NA,NA,NA
F-1063,2010,Ward,A,18-Aug-10,NA,NA,NA,NA,NA,NA
F-1064,2010,Ward,B,18-Aug-10,NA,NA,NA,NA,NA,NA
F-1065,2010,Ward,B,18-Aug-10,NA,NA,NA,NA,NA,NA
F-1066,2010,Ward,B,18-Aug-10,NA,NA,NA,NA,NA,NA
F-1067,2010,Ward,B,18-Aug-10,NA,NA,NA,NA,NA,NA
F-1068,2010,Ward,B,18-Aug-10,NA,NA,NA,NA,NA,NA
F-1069,2010,Ward,B,18-Aug-10,NA,NA,NA,NA,NA,NA
F-1070,2010,Ward,B,18-Aug-10,NA,NA,NA,NA,NA,NA
F-1071,2010,Ward,B,18-Aug-10,NA,NA,NA,NA,NA,NA
F-1072,2010,Ward,B,18-Aug-10,NA,NA,NA,NA,NA,NA
F-1073,2010,Ward,B,18-Aug-10,NA,NA,NA,NA,NA,NA
F-1074,2010,Ward,B,18-Aug-10,NA,NA,NA,NA,NA,NA
F-1075,2010,Ward,C,18-Aug-10,NA,NA,NA,NA,NA,NA
F-1076,2010,Ward,C,18-Aug-10,NA,NA,NA,NA,NA,NA
F-1077,2010,Ward,C,18-Aug-10,NA,NA,NA,NA,NA,NA
F-1078,2010,Ward,D,18-Aug-10,NA,NA,NA,NA,NA,NA
F-1079,2010,Ward,E,18-Aug-10,NA,NA,NA,NA,NA,NA
F-1080,2010,Ward,E,18-Aug-10,NA,NA,NA,NA,NA,NA
F-1081,2010,Ward,E,18-Aug-10,NA,NA,NA,NA,NA,NA
F-1082,2010,Ward,X,18-Aug-10,NA,NA,NA,NA,NA,NA
F-1083,2010,Ward,X,18-Aug-10,NA,NA,NA,NA,NA,NA
F-1084,2010,Ward,X,18-Aug-10,NA,NA,NA,NA,NA,NA
F-1085,2010,Ward,X,18-Aug-10,NA,NA,NA,NA,NA,NA
F-1086,2010,Ward,X,18-Aug-10,NA,NA,NA,NA,NA,NA
F-1087,2010,Ward,X,18-Aug-10,NA,NA,NA,NA,NA,NA
F-1088,2010,Ward,X,18-Aug-10,NA,NA,NA,NA,NA,NA
F-1089,2012,Ward,C,20-Jun-12,NA,NA,NA,NA,NA,NA
F-1090,2012,Ward,C,20-Jun-12,NA,NA,NA,NA,NA,NA
F-1091,2012,Ward,C,20-Jun-12,NA,NA,NA,NA,NA,NA
F-1092,2012,Ward,C,20-Jun-12,NA,NA,NA,NA,NA,NA
F-1093,2012,Ward,C,20-Jun-12,NA,NA,NA,NA,NA,NA
F-1094,2012,Ward,C,20-Jun-12,NA,NA,NA,NA,NA,NA
F-1095,2012,Ward,C,20-Jun-12,NA,NA,NA,NA,NA,NA
F-1096,2012,Ward,C,20-Jun-12,NA,NA,NA,NA,NA,NA
F-1097,2012,Ward,C,20-Jun-12,NA,NA,NA,NA,NA,NA
F-1098,2012,Ward,C,20-Jun-12,NA,NA,NA,NA,NA,NA
F-1099,2012,Ward,C,20-Jun-12,NA,NA,NA,NA,NA,NA
F-1100,2012,Ward,C,20-Jun-12,NA,NA,NA,NA,NA,NA
F-1101,2012,Ward,C,20-Jun-12,NA,NA,NA,NA,NA,NA
F-1102,2012,Ward,C,20-Jun-12,NA,NA,NA,NA,NA,NA
F-1103,2012,Ward,C,20-Jun-12,NA,NA,NA,NA,NA,NA
F-1104,2012,Ward,C,20-Jun-12,NA,NA,NA,NA,NA,NA
F-1105,2012,Ward,C,20-Jun-12,NA,NA,NA,NA,NA,NA
F-1106,2012,Ward,C,20-Jun-12,NA,NA,NA,NA,NA,NA
F-1107,2012,Ward,C,20-Jun-12,NA,NA,NA,NA,NA,NA
F-1108,2012,Ward,C,20-Jun-12,NA,NA,NA,NA,NA,NA
F-1109,2012,Ward,C,20-Jun-12,NA,NA,NA,NA,NA,NA
F-1110,2012,Ward,C,20-Jun-12,NA,NA,NA,NA,NA,NA
F-1111,2012,Ward,C,20-Jun-12,NA,NA,NA,NA,NA,NA
F-1112,2012,Ward,C,20-Jun-12,NA,NA,NA,NA,NA,NA
F-1113,2012,Ward,C,20-Jun-12,NA,NA,NA,NA,NA,NA
F-1114,2012,Ward,C,20-Jun-12,NA,NA,NA,NA,NA,NA
F-1115,2012,Ward,C,20-Jun-12,NA,NA,NA,NA,NA,NA
F-1116,2012,Ward,C,20-Jun-12,NA,NA,NA,NA,NA,NA
F-1117,2012,Ward,C,20-Jun-12,NA,NA,NA,NA,NA,NA
F-1118,2012,Ward,C,20-Jun-12,NA,NA,NA,NA,NA,NA
F-1119,2012,Ward,C,20-Jun-12,NA,NA,NA,NA,NA,NA
F-1120,2012,Ward,C,20-Jun-12,NA,NA,NA,NA,NA,NA
F-1121,2012,Ward,C,20-Jun-12,NA,NA,NA,NA,NA,NA
F-1122,2012,Ward,C,20-Jun-12,NA,NA,NA,NA,NA,NA
F-1123,2012,Ward,C,20-Jun-12,NA,NA,NA,NA,NA,NA
F-1124,2012,Ward,C,20-Jun-12,NA,NA,NA,NA,NA,NA
F-1125,2012,Ward,C,20-Jun-12,NA,NA,NA,NA,NA,NA
F-1126,2012,Ward,C,20-Jun-12,NA,NA,NA,NA,NA,NA
F-1127,2012,Ward,C,20-Jun-12,NA,NA,NA,NA,NA,NA
F-1128,2012,Ward,C,20-Jun-12,NA,NA,NA,NA,NA,NA
F-1129,2012,Ward,C,20-Jun-12,NA,NA,NA,NA,NA,NA
F-1130,2012,Ward,C,20-Jun-12,NA,NA,NA,NA,NA,NA
F-1131,2012,Ward,C,20-Jun-12,NA,NA,NA,NA,NA,NA
F-1132,2012,Ward,C,20-Jun-12,NA,NA,NA,NA,NA,NA
F-1133,2012,Ward,C,20-Jun-12,NA,NA,NA,NA,NA,NA
F-1134,2012,Ward,C,20-Jun-12,NA,NA,NA,NA,NA,NA
F-1135,2012,Ward,C,20-Jun-12,NA,NA,NA,NA,NA,NA
F-1136,2012,Ward,C,20-Jun-12,NA,NA,NA,NA,NA,NA
F-1137,2012,Ward,C,20-Jun-12,NA,NA,NA,NA,NA,NA
F-1138,2012,Ward,C,20-Jun-12,NA,NA,NA,NA,NA,NA
F-1139,2012,Ward,C,20-Jun-12,NA,NA,NA,NA,NA,NA
F-1140,2012,Ward,C,20-Jun-12,NA,NA,NA,NA,NA,NA
F-1141,2012,Ward,C,20-Jun-12,NA,NA,NA,NA,NA,NA
F-1142,2012,Ward,C,20-Jun-12,NA,NA,NA,NA,NA,NA
F-1143,2012,Ward,B,20-Jun-12,NA,NA,NA,NA,NA,NA
F-1144,2012,Ward,B,20-Jun-12,NA,NA,NA,NA,NA,NA
F-1145,2012,Ward,B,20-Jun-12,NA,NA,NA,NA,NA,NA
F-1146,2012,Ward,B,20-Jun-12,NA,NA,NA,NA,NA,NA
F-1147,2012,Ward,B,20-Jun-12,NA,NA,NA,NA,NA,NA
F-1148,2012,Ward,B,20-Jun-12,NA,NA,NA,NA,NA,NA
F-1149,2012,Ward,B,20-Jun-12,NA,NA,NA,NA,NA,NA
F-1150,2012,Ward,B,20-Jun-12,NA,NA,NA,NA,NA,NA
F-1151,2012,Ward,B,20-Jun-12,NA,NA,NA,NA,NA,NA
F-1152,2012,Ward,B,20-Jun-12,NA,NA,NA,NA,NA,NA
F-1153,2012,Ward,B,20-Jun-12,NA,NA,NA,NA,NA,NA
F-1154,2012,Ward,B,20-Jun-12,NA,NA,NA,NA,NA,NA
F-1155,2012,Ward,B,20-Jun-12,NA,NA,NA,NA,NA,NA
F-1156,2012,Ward,B,20-Jun-12,NA,NA,NA,NA,NA,NA
F-1157,2012,Ward,B,20-Jun-12,NA,NA,NA,NA,NA,NA
F-1158,2012,Ward,B,20-Jun-12,NA,NA,NA,NA,NA,NA
F-1159,2012,Ward,B,20-Jun-12,NA,NA,NA,NA,NA,NA
F-1160,2012,Ward,B,20-Jun-12,NA,NA,NA,NA,NA,NA
F-1161,2012,Ward,B,20-Jun-12,NA,NA,NA,NA,NA,NA
F-1162,2012,Ward,B,20-Jun-12,NA,NA,NA,NA,NA,NA
F-1163,2012,Ward,B,20-Jun-12,NA,NA,NA,NA,NA,NA
F-1164,2012,Ward,B,20-Jun-12,NA,NA,NA,NA,NA,NA
F-1165,2012,Ward,B,20-Jun-12,NA,NA,NA,NA,NA,NA
F-1166,2012,Ward,B,20-Jun-12,NA,NA,NA,NA,NA,NA
F-1167,2012,Ward,B,20-Jun-12,NA,NA,NA,NA,NA,NA
F-1168,2012,Ward,B,20-Jun-12,NA,NA,NA,NA,NA,NA
F-1169,2012,Ward,B,20-Jun-12,NA,NA,NA,NA,NA,NA
F-1170,2012,Ward,B,20-Jun-12,NA,NA,NA,NA,NA,NA
F-1171,2012,Ward,B,20-Jun-12,NA,NA,NA,NA,NA,NA
F-1172,2012,Ward,B,20-Jun-12,NA,NA,NA,NA,NA,NA
F-1173,2012,Ward,B,20-Jun-12,NA,NA,NA,NA,NA,NA
F-1174,2012,Ward,B,20-Jun-12,NA,NA,NA,NA,NA,NA
F-1175,2012,Ward,B,20-Jun-12,NA,NA,NA,NA,NA,NA
F-1176,2012,Ward,B,20-Jun-12,NA,NA,NA,NA,NA,NA
F-1177,2012,Ward,B,20-Jun-12,NA,NA,NA,NA,NA,NA
F-1178,2012,Ward,B,20-Jun-12,NA,NA,NA,NA,NA,NA
F-1179,2012,Ward,C,20-Jun-12,NA,NA,NA,NA,NA,NA
F-1180,2012,Ward,C,20-Jun-12,NA,NA,NA,NA,NA,NA
F-1181,2012,Ward,C,20-Jun-12,NA,NA,NA,NA,NA,NA
F-1182,2012,Ward,C,20-Jun-12,NA,NA,NA,NA,NA,NA
F-1183,2012,Ward,C,20-Jun-12,NA,NA,NA,NA,NA,NA
F-1184,2012,Ward,C,20-Jun-12,NA,NA,NA,NA,NA,NA
F-1185,2012,Ward,C,20-Jun-12,NA,NA,NA,NA,NA,NA
F-1186,2012,Ward,C,20-Jun-12,NA,NA,NA,NA,NA,NA
F-1187,2012,Ward,C,20-Jun-12,NA,NA,NA,NA,NA,NA
F-1188,2012,Ward,C,20-Jun-12,NA,NA,NA,NA,NA,NA
F-1189,2012,Ward,A,20-Jun-12,NA,NA,NA,NA,NA,NA
F-1190,2012,Ward,A,20-Jun-12,NA,NA,NA,NA,NA,NA
F-1191,2012,Ward,A,20-Jun-12,NA,NA,NA,NA,NA,NA
F-1192,2012,Ward,A,20-Jun-12,NA,NA,NA,NA,NA,NA
F-1193,2012,Ward,A,20-Jun-12,NA,NA,NA,NA,NA,NA
F-1194,2012,Ward,A,20-Jun-12,NA,NA,NA,NA,NA,NA
F-1195,2012,Ward,A,20-Jun-12,NA,NA,NA,NA,NA,NA
F-1196,2012,Ward,A,20-Jun-12,NA,NA,NA,NA,NA,NA
F-1197,2012,Ward,A,20-Jun-12,NA,NA,NA,NA,NA,NA
F-1198,2012,Ward,A,20-Jun-12,NA,NA,NA,NA,NA,NA
F-1199,2012,Ward,A,20-Jun-12,NA,NA,NA,NA,NA,NA
F-1200,2012,Ward,A,20-Jun-12,NA,NA,NA,NA,NA,NA
F-1201,2012,Ward,A,20-Jun-12,NA,NA,NA,NA,NA,NA
F-1202,2012,Ward,A,20-Jun-12,NA,NA,NA,NA,NA,NA
F-1203,2012,Ward,A,20-Jun-12,NA,NA,NA,NA,NA,NA
F-1204,2012,Ward,A,20-Jun-12,NA,NA,NA,NA,NA,NA
F-1205,2012,Ward,A,20-Jun-12,NA,NA,NA,NA,NA,NA
F-1206,2012,Ward,A,20-Jun-12,NA,NA,NA,NA,NA,NA
F-1207,2012,Ward,A,20-Jun-12,NA,NA,NA,NA,NA,NA
F-1208,2012,Ward,A,20-Jun-12,NA,NA,NA,NA,NA,NA
F-1209,2012,Ward,A,20-Jun-12,NA,NA,NA,NA,NA,NA
F-1210,2012,Ward,A,20-Jun-12,NA,NA,NA,NA,NA,NA
F-1211,2012,Ward,A,20-Jun-12,NA,NA,NA,NA,NA,NA
F-1212,2012,Ward,A,20-Jun-12,NA,NA,NA,NA,NA,NA
F-1213,2012,Ward,A,20-Jun-12,NA,NA,NA,NA,NA,NA
F-1214,2012,Ward,A,20-Jun-12,NA,NA,NA,NA,NA,NA
F-1215,2012,Ward,A,20-Jun-12,NA,NA,NA,NA,NA,NA
F-1216,2012,Ward,A,20-Jun-12,NA,NA,NA,NA,NA,NA
F-1217,2012,Ward,A,20-Jun-12,NA,NA,NA,NA,NA,NA
F-1218,2012,Ward,A,20-Jun-12,NA,NA,NA,NA,NA,NA
F-1219,2012,Ward,A,20-Jun-12,NA,NA,NA,NA,NA,NA
F-1220,2012,Ward,A,20-Jun-12,NA,NA,NA,NA,NA,NA
F-1221,2012,Ward,A,20-Jun-12,NA,NA,NA,NA,NA,NA
F-1222,2012,Ward,A,20-Jun-12,NA,NA,NA,NA,NA,NA
F-1223,2012,Ward,A,20-Jun-12,NA,NA,NA,NA,NA,NA
F-1224,2012,Ward,A,20-Jun-12,NA,NA,NA,NA,NA,NA
F-1225,2012,Ward,A,20-Jun-12,NA,NA,NA,NA,NA,NA
F-1226,2012,Ward,A,20-Jun-12,NA,NA,NA,NA,NA,NA
F-1227,2012,Ward,A,20-Jun-12,NA,NA,NA,NA,NA,NA
F-1228,2012,Ward,A,20-Jun-12,NA,NA,NA,NA,NA,NA
F-1229,2012,Ward,A,20-Jun-12,NA,NA,NA,NA,NA,NA
F-1230,2012,Ward,A,20-Jun-12,NA,NA,NA,NA,NA,NA
F-1231,2012,Ward,A,20-Jun-12,NA,NA,NA,NA,NA,NA
F-1232,2012,Ward,A,20-Jun-12,NA,NA,NA,NA,NA,NA
F-1233,2012,Ward,B,20-Jun-12,NA,NA,NA,NA,NA,NA
F-1234,2012,Ward,B,20-Jun-12,NA,NA,NA,NA,NA,NA
F-1235,2012,Ward,B,20-Jun-12,NA,NA,NA,NA,NA,NA
F-1236,2012,Ward,B,20-Jun-12,NA,NA,NA,NA,NA,NA
F-1237,2012,Ward,B,20-Jun-12,NA,NA,NA,NA,NA,NA
F-1238,2012,Ward,A,17-Jul-12,NA,NA,NA,NA,NA,NA
F-1239,2012,Ward,A,17-Jul-12,NA,NA,NA,NA,NA,NA
F-1240,2012,Ward,A,17-Jul-12,NA,NA,NA,NA,NA,NA
F-1241,2012,Ward,A,17-Jul-12,NA,NA,NA,NA,NA,NA
F-1242,2012,Ward,A,17-Jul-12,NA,NA,NA,NA,NA,NA
F-1243,2012,Ward,A,17-Jul-12,NA,NA,NA,NA,NA,NA
F-1244,2012,Ward,A,17-Jul-12,NA,NA,NA,NA,NA,NA
F-1245,2012,Ward,A,17-Jul-12,NA,NA,NA,NA,NA,NA
F-1246,2012,Ward,A,17-Jul-12,NA,NA,NA,NA,NA,NA
F-1247,2012,Ward,A,17-Jul-12,NA,NA,NA,NA,NA,NA
F-1248,2012,Ward,A,17-Jul-12,NA,NA,NA,NA,NA,NA
F-1249,2012,Ward,A,17-Jul-12,NA,NA,NA,NA,NA,NA
F-1250,2012,Ward,A,17-Jul-12,NA,NA,NA,NA,NA,NA
F-1251,2012,Ward,A,17-Jul-12,NA,NA,NA,NA,NA,NA
F-1252,2012,Ward,A,17-Jul-12,NA,NA,NA,NA,NA,NA
F-1253,2012,Ward,A,17-Jul-12,NA,NA,NA,NA,NA,NA
F-1254,2012,Ward,A,17-Jul-12,NA,NA,NA,NA,NA,NA
F-1255,2012,Ward,A,17-Jul-12,NA,NA,NA,NA,NA,NA
F-1256,2012,Ward,B,17-Jul-12,NA,NA,NA,NA,NA,NA
F-1257,2012,Ward,B,17-Jul-12,NA,NA,NA,NA,NA,NA
F-1258,2012,Ward,B,17-Jul-12,NA,NA,NA,NA,NA,NA
F-1259,2012,Ward,B,17-Jul-12,NA,NA,NA,NA,NA,NA
F-1260,2012,Ward,B,17-Jul-12,NA,NA,NA,NA,NA,NA
F-1261,2012,Ward,B,17-Jul-12,NA,NA,NA,NA,NA,NA
F-1262,2012,Ward,B,17-Jul-12,NA,NA,NA,NA,NA,NA
F-1263,2012,Ward,B,17-Jul-12,NA,NA,NA,NA,NA,NA
F-1264,2012,Ward,B,17-Jul-12,NA,NA,NA,NA,NA,NA
F-1265,2012,Ward,B,17-Jul-12,NA,NA,NA,NA,NA,NA
F-1266,2012,Ward,B,17-Jul-12,NA,NA,NA,NA,NA,NA
F-1267,2012,Ward,B,17-Jul-12,NA,NA,NA,NA,NA,NA
F-1268,2012,Ward,C,17-Jul-12,NA,NA,NA,NA,NA,NA
F-1269,2012,Ward,C,17-Jul-12,NA,NA,NA,NA,NA,NA
F-1270,2012,Ward,C,17-Jul-12,NA,NA,NA,NA,NA,NA
F-1271,2012,Ward,C,17-Jul-12,NA,NA,NA,NA,NA,NA
F-1272,2012,Ward,C,17-Jul-12,NA,NA,NA,NA,NA,NA
F-1273,2012,Ward,C,17-Jul-12,NA,NA,NA,NA,NA,NA
F-1274,2012,Ward,C,17-Jul-12,NA,NA,NA,NA,NA,NA
F-1275,2012,Ward,C,17-Jul-12,NA,NA,NA,NA,NA,NA
F-1276,2012,Ward,C,17-Jul-12,NA,NA,NA,NA,NA,NA
F-1277,2012,Ward,C,17-Jul-12,NA,NA,NA,NA,NA,NA
F-1278,2012,Ward,C,17-Jul-12,NA,NA,NA,NA,NA,NA
F-1279,2012,Ward,C,17-Jul-12,NA,NA,NA,NA,NA,NA
F-1280,2012,Ward,C,17-Jul-12,NA,NA,NA,NA,NA,NA
F-1281,2012,Ward,C,17-Jul-12,NA,NA,NA,NA,NA,NA
F-1282,2012,Ward,C,17-Jul-12,NA,NA,NA,NA,NA,NA
F-1283,2012,Ward,C,17-Jul-12,NA,NA,NA,NA,NA,NA
F-1284,2012,Ward,C,17-Jul-12,NA,NA,NA,NA,NA,NA
F-1285,2012,Ward,C,17-Jul-12,NA,NA,NA,NA,NA,NA
F-1286,2012,Ward,C,17-Jul-12,NA,NA,NA,NA,NA,NA
F-1287,2012,Ward,C,17-Jul-12,NA,NA,NA,NA,NA,NA
F-1288,2012,Ward,C,17-Jul-12,NA,NA,NA,NA,NA,NA
F-1289,2012,Ward,C,17-Jul-12,NA,NA,NA,NA,NA,NA
F-1290,2012,Ward,C,17-Jul-12,NA,NA,NA,NA,NA,NA
F-1291,2012,Ward,C,17-Jul-12,NA,NA,NA,NA,NA,NA
F-1292,2012,Ward,C,17-Jul-12,NA,NA,NA,NA,NA,NA
F-1293,2012,Ward,C,17-Jul-12,NA,NA,NA,NA,NA,NA
F-1294,2012,Ward,C,17-Jul-12,NA,NA,NA,NA,NA,NA
F-1295,2012,Ward,C,17-Jul-12,NA,NA,NA,NA,NA,NA
F-1296,2012,Ward,C,18-Jul-12,NA,NA,NA,NA,NA,NA
F-1297,2012,Ward,C,18-Jul-12,NA,NA,NA,NA,NA,NA
F-1298,2012,Ward,C,18-Jul-12,NA,NA,NA,NA,NA,NA
F-1299,2012,Ward,C,18-Jul-12,NA,NA,NA,NA,NA,NA
F-1300,2012,Ward,C,18-Jul-12,NA,NA,NA,NA,NA,NA
F-1301,2012,Ward,C,18-Jul-12,NA,NA,NA,NA,NA,NA
F-1302,2012,Ward,C,18-Jul-12,NA,NA,NA,NA,NA,NA
F-1303,2012,Ward,C,18-Jul-12,NA,NA,NA,NA,NA,NA
F-1304,2012,Ward,C,18-Jul-12,NA,NA,NA,NA,NA,NA
F-1305,2012,Ward,C,18-Jul-12,NA,NA,NA,NA,NA,NA
F-1306,2012,Ward,C,18-Jul-12,NA,NA,NA,NA,NA,NA
F-1307,2012,Ward,C,18-Jul-12,NA,NA,NA,NA,NA,NA
F-1308,2012,Ward,C,18-Jul-12,NA,NA,NA,NA,NA,NA
F-1309,2012,Ward,C,18-Jul-12,NA,NA,NA,NA,NA,NA
F-1310,2012,Ward,A,18-Jul-12,NA,NA,NA,NA,NA,NA
F-1311,2012,Ward,A,18-Jul-12,NA,NA,NA,NA,NA,NA
F-1312,2012,Ward,A,18-Jul-12,NA,NA,NA,NA,NA,NA
F-1313,2012,Ward,A,18-Jul-12,NA,NA,NA,NA,NA,NA
F-1314,2012,Ward,A,18-Jul-12,NA,NA,NA,NA,NA,NA
F-1315,2012,Ward,A,18-Jul-12,NA,NA,NA,NA,NA,NA
F-1316,2012,Ward,A,18-Jul-12,NA,NA,NA,NA,NA,NA
F-1317,2012,Ward,A,18-Jul-12,NA,NA,NA,NA,NA,NA
F-1318,2012,Ward,A,18-Jul-12,NA,NA,NA,NA,NA,NA
F-1319,2012,Ward,A,18-Jul-12,NA,NA,NA,NA,NA,NA
F-1320,2012,Ward,B,18-Jul-12,NA,NA,NA,NA,NA,NA
F-1321,2012,Ward,B,18-Jul-12,NA,NA,NA,NA,NA,NA
F-1322,2012,Ward,B,18-Jul-12,NA,NA,NA,NA,NA,NA
F-1323,2012,Ward,B,18-Jul-12,NA,NA,NA,NA,NA,NA
F-1324,2012,Ward,B,18-Jul-12,NA,NA,NA,NA,NA,NA
F-1325,2012,Ward,B,18-Jul-12,NA,NA,NA,NA,NA,NA
F-1326,2012,Ward,B,18-Jul-12,NA,NA,NA,NA,NA,NA
F-1327,2012,Ward,B,18-Jul-12,NA,NA,NA,NA,NA,NA
F-1328,2012,Ward,B,18-Jul-12,NA,NA,NA,NA,NA,NA
F-1329,2012,Ward,B,18-Jul-12,NA,NA,NA,NA,NA,NA
F-1330,2012,Ward,B,18-Jul-12,NA,NA,NA,NA,NA,NA
F-1331,2012,Ward,B,18-Jul-12,NA,NA,NA,NA,NA,NA
F-1332,2012,Ward,B,18-Jul-12,NA,NA,NA,NA,NA,NA
F-1333,2012,Ward,B,18-Jul-12,NA,NA,NA,NA,NA,NA
F-1334,2012,Ward,B,18-Jul-12,NA,NA,NA,NA,NA,NA
F-1335,2012,Ward,B,18-Jul-12,NA,NA,NA,NA,NA,NA
F-1336,2012,Ward,B,18-Jul-12,NA,NA,NA,NA,NA,NA
F-1337,2012,Ward,B,18-Jul-12,NA,NA,NA,NA,NA,NA
F-1338,2012,Ward,A,18-Jul-12,NA,NA,NA,NA,NA,NA
F-1339,2012,Ward,A,18-Jul-12,NA,NA,NA,NA,NA,NA
F-1340,2012,Ward,A,18-Jul-12,NA,NA,NA,NA,NA,NA
F-1341,2012,Ward,A,18-Jul-12,NA,NA,NA,NA,NA,NA
F-1342,2012,Ward,A,18-Jul-12,NA,NA,NA,NA,NA,NA
F-1343,2012,Ward,A,18-Jul-12,NA,NA,NA,NA,NA,NA
F-1344,2012,Ward,B,18-Jul-12,NA,NA,NA,NA,NA,NA
F-1345,2012,Ward,B,18-Jul-12,NA,NA,NA,NA,NA,NA
F-1346,2012,Ward,B,18-Jul-12,NA,NA,NA,NA,NA,NA
F-1347,2012,Ward,B,18-Jul-12,NA,NA,NA,NA,NA,NA
F-1348,2012,Ward,A,14-Aug-12,NA,NA,NA,NA,NA,NA
F-1349,2012,Ward,A,14-Aug-12,NA,NA,NA,NA,NA,NA
F-1350,2012,Ward,A,14-Aug-12,NA,NA,NA,NA,NA,NA
F-1351,2012,Ward,A,14-Aug-12,NA,NA,NA,NA,NA,NA
F-1352,2012,Ward,A,14-Aug-12,NA,NA,NA,NA,NA,NA
F-1353,2012,Ward,A,14-Aug-12,NA,NA,NA,NA,NA,NA
F-1354,2012,Ward,A,14-Aug-12,NA,NA,NA,NA,NA,NA
F-1355,2012,Ward,A,14-Aug-12,NA,NA,NA,NA,NA,NA
F-1356,2012,Ward,A,14-Aug-12,NA,NA,NA,NA,NA,NA
F-1357,2012,Ward,A,14-Aug-12,NA,NA,NA,NA,NA,NA
F-1358,2012,Ward,A,14-Aug-12,NA,NA,NA,NA,NA,NA
F-1359,2012,Ward,A,14-Aug-12,NA,NA,NA,NA,NA,NA
F-1360,2012,Ward,A,14-Aug-12,NA,NA,NA,NA,NA,NA
F-1361,2012,Ward,A,14-Aug-12,NA,NA,NA,NA,NA,NA
F-1362,2012,Ward,A,14-Aug-12,NA,NA,NA,NA,NA,NA
F-1363,2012,Ward,A,14-Aug-12,NA,NA,NA,NA,NA,NA
F-1364,2012,Ward,A,14-Aug-12,NA,NA,NA,NA,NA,NA
F-1365,2012,Ward,A,14-Aug-12,NA,NA,NA,NA,NA,NA
F-1366,2012,Ward,A,14-Aug-12,NA,NA,NA,NA,NA,NA
F-1367,2012,Ward,A,14-Aug-12,NA,NA,NA,NA,NA,NA
F-1368,2012,Ward,B,14-Aug-12,NA,NA,NA,NA,NA,NA
F-1369,2012,Ward,B,14-Aug-12,NA,NA,NA,NA,NA,NA
F-1370,2012,Ward,B,14-Aug-12,NA,NA,NA,NA,NA,NA
F-1371,2012,Ward,B,14-Aug-12,NA,NA,NA,NA,NA,NA
F-1372,2012,Ward,B,14-Aug-12,NA,NA,NA,NA,NA,NA
F-1373,2012,Ward,B,14-Aug-12,NA,NA,NA,NA,NA,NA
F-1374,2012,Ward,B,14-Aug-12,NA,NA,NA,NA,NA,NA
F-1375,2012,Ward,B,14-Aug-12,NA,NA,NA,NA,NA,NA
F-1376,2012,Ward,B,14-Aug-12,NA,NA,NA,NA,NA,NA
F-1377,2012,Ward,B,14-Aug-12,NA,NA,NA,NA,NA,NA
F-1378,2012,Ward,B,14-Aug-12,NA,NA,NA,NA,NA,NA
F-1379,2012,Ward,B,14-Aug-12,NA,NA,NA,NA,NA,NA
F-1380,2012,Ward,B,14-Aug-12,NA,NA,NA,NA,NA,NA
F-1381,2012,Ward,B,14-Aug-12,NA,NA,NA,NA,NA,NA
F-1382,2012,Ward,C,14-Aug-12,NA,NA,NA,NA,NA,NA
F-1383,2012,Ward,C,14-Aug-12,NA,NA,NA,NA,NA,NA
F-1384,2012,Ward,C,14-Aug-12,NA,NA,NA,NA,NA,NA
F-1385,2012,Ward,C,14-Aug-12,NA,NA,NA,NA,NA,NA
F-1386,2012,Ward,C,14-Aug-12,NA,NA,NA,NA,NA,NA
F-1387,2012,Ward,C,14-Aug-12,NA,NA,NA,NA,NA,NA
F-1388,2012,Ward,C,14-Aug-12,NA,NA,NA,NA,NA,NA
F-1389,2012,Ward,C,14-Aug-12,NA,NA,NA,NA,NA,NA
F-1390,2012,Ward,C,14-Aug-12,NA,NA,NA,NA,NA,NA
F-1391,2012,Ward,C,14-Aug-12,NA,NA,NA,NA,NA,NA
F-1392,2012,Ward,C,14-Aug-12,NA,NA,NA,NA,NA,NA
F-1393,2012,Ward,C,14-Aug-12,NA,NA,NA,NA,NA,NA
F-1394,2012,Ward,C,14-Aug-12,NA,NA,NA,NA,NA,NA
F-1395,2012,Ward,C,14-Aug-12,NA,NA,NA,NA,NA,NA
F-1396,2012,Ward,C,14-Aug-12,NA,NA,NA,NA,NA,NA
F-1397,2012,Ward,C,14-Aug-12,NA,NA,NA,NA,NA,NA
F-1398,2012,Ward,C,14-Aug-12,NA,NA,NA,NA,NA,NA
F-1399,2012,Ward,C,14-Aug-12,NA,NA,NA,NA,NA,NA
F-1400,2012,Ward,C,14-Aug-12,NA,NA,NA,NA,NA,NA
F-1401,2012,Ward,C,14-Aug-12,NA,NA,NA,NA,NA,NA
F-1402,2012,Ward,C,14-Aug-12,NA,NA,NA,NA,NA,NA
F-1403,2012,Ward,C,14-Aug-12,NA,NA,NA,NA,NA,NA
F-1404,2012,Ward,C,14-Aug-12,NA,NA,NA,NA,NA,NA
F-1405,2012,Ward,C,14-Aug-12,NA,NA,NA,NA,NA,NA
F-1406,2012,Ward,C,14-Aug-12,NA,NA,NA,NA,NA,NA
F-1407,2012,Ward,C,14-Aug-12,NA,NA,NA,NA,NA,NA
F-1408,2012,Ward,A,15-Aug-12,NA,NA,NA,NA,NA,NA
F-1409,2012,Ward,A,15-Aug-12,NA,NA,NA,NA,NA,NA
F-1410,2012,Ward,A,15-Aug-12,NA,NA,NA,NA,NA,NA
F-1411,2012,Ward,A,15-Aug-12,NA,NA,NA,NA,NA,NA
F-1412,2012,Ward,A,15-Aug-12,NA,NA,NA,NA,NA,NA
F-1413,2012,Ward,A,15-Aug-12,NA,NA,NA,NA,NA,NA
F-1414,2012,Ward,A,15-Aug-12,NA,NA,NA,NA,NA,NA
F-1415,2012,Ward,A,15-Aug-12,NA,NA,NA,NA,NA,NA
F-1416,2012,Ward,A,15-Aug-12,NA,NA,NA,NA,NA,NA
F-1417,2012,Ward,A,15-Aug-12,NA,NA,NA,NA,NA,NA
F-1418,2012,Ward,A,15-Aug-12,NA,NA,NA,NA,NA,NA
F-1419,2012,Ward,A,15-Aug-12,NA,NA,NA,NA,NA,NA
F-1420,2012,Ward,A,16-Aug-12,NA,NA,NA,NA,NA,NA
F-1421,2012,Ward,A,16-Aug-12,NA,NA,NA,NA,NA,NA
F-1422,2012,Ward,A,16-Aug-12,NA,NA,NA,NA,NA,NA
F-1423,2012,Ward,A,16-Aug-12,NA,NA,NA,NA,NA,NA
G-0698,2010,Ward,B,26-May-10,NA,NA,NA,NA,NA,NA
G-0699,2010,Ward,B,26-May-10,NA,NA,NA,NA,NA,NA
G-0700,2010,Ward,B,26-May-10,NA,NA,NA,NA,NA,NA
G-0701,2010,Ward,B,26-May-10,NA,NA,NA,NA,NA,NA
G-0702,2010,Ward,B,26-May-10,NA,NA,NA,NA,NA,NA
G-0703,2010,Ward,B,26-May-10,NA,NA,NA,NA,NA,NA
G-0704,2010,Ward,B,26-May-10,NA,NA,NA,NA,NA,NA
G-0705,2010,Ward,B,26-May-10,NA,NA,NA,NA,NA,NA
G-0706,2010,Ward,B,26-May-10,NA,NA,NA,NA,NA,NA
G-0707,2010,Ward,B,26-May-10,NA,NA,NA,NA,NA,NA
G-0708,2010,Ward,C,26-May-10,NA,NA,NA,NA,NA,NA
G-0709,2010,Ward,C,26-May-10,NA,NA,NA,NA,NA,NA
G-0710,2010,Ward,C,26-May-10,NA,NA,NA,NA,NA,NA
G-0711,2010,Ward,C,26-May-10,NA,NA,NA,NA,NA,NA
G-0712,2010,Ward,C,26-May-10,NA,NA,NA,NA,NA,NA
G-0713,2010,Ward,C,26-May-10,NA,NA,NA,NA,NA,NA
G-0714,2010,Ward,C,26-May-10,NA,NA,NA,NA,NA,NA
G-0715,2010,Ward,C,26-May-10,NA,NA,NA,NA,NA,NA
G-0716,2010,Ward,C,26-May-10,NA,NA,NA,NA,NA,NA
G-0717,2010,Ward,E,26-May-10,NA,NA,NA,NA,NA,NA
G-0718,2010,Ward,E,26-May-10,NA,NA,NA,NA,NA,NA
G-0719,2010,Ward,E,26-May-10,NA,NA,NA,NA,NA,NA
G-0720,2010,Ward,A,26-May-10,NA,NA,NA,NA,NA,NA
G-0721,2010,Ward,A,26-May-10,NA,NA,NA,NA,NA,NA
G-0722,2010,Ward,A,26-May-10,NA,NA,NA,NA,NA,NA
G-0723,2010,Ward,A,26-May-10,NA,NA,NA,NA,NA,NA
G-0724,2010,Ward,A,26-May-10,NA,NA,NA,NA,NA,NA
G-0725,2010,Ward,A,26-May-10,NA,NA,NA,NA,NA,NA
G-0726,2010,Ward,A,26-May-10,NA,NA,NA,NA,NA,NA
G-0727,2010,Ward,A,26-May-10,NA,NA,NA,NA,NA,NA
G-0728,2010,Ward,A,26-May-10,NA,NA,NA,NA,NA,NA
G-0729,2010,Ward,A,26-May-10,NA,NA,NA,NA,NA,NA
G-0730,2010,Ward,A,26-May-10,NA,NA,NA,NA,NA,NA
G-0731,2010,Ward,D,26-May-10,NA,NA,NA,NA,NA,NA
G-0732,2010,Ward,D,26-May-10,NA,NA,NA,NA,NA,NA
G-0733,2010,Ward,D,26-May-10,NA,NA,NA,NA,NA,NA
G-0734,2010,Ward,D,26-May-10,NA,NA,NA,NA,NA,NA
G-0735,2010,Ward,D,26-May-10,NA,NA,NA,NA,NA,NA
G-0736,2010,Ward,D,26-May-10,NA,NA,NA,NA,NA,NA
G-0737,2010,Ward,D,26-May-10,NA,NA,NA,NA,NA,NA
G-0738,2010,Ward,D,26-May-10,NA,NA,NA,NA,NA,NA
G-0739,2010,Ward,D,26-May-10,NA,NA,NA,NA,NA,NA
G-0740,2010,Ward,D,26-May-10,NA,NA,NA,NA,NA,NA
G-0741,2010,Ward,D,26-May-10,NA,NA,NA,NA,NA,NA
G-0742,2010,Ward,X,26-May-10,NA,NA,NA,NA,NA,NA
G-0743,2010,Ward,X,26-May-10,NA,NA,NA,NA,NA,NA
G-0744,2010,Ward,X,26-May-10,NA,NA,NA,NA,NA,NA
G-0745,2010,Ward,A,24-Jun-10,NA,NA,NA,NA,NA,NA
G-0746,2010,Ward,A,24-Jun-10,NA,NA,NA,NA,NA,NA
G-0747,2010,Ward,A,24-Jun-10,NA,NA,NA,NA,NA,NA
G-0748,2010,Ward,B,24-Jun-10,NA,NA,NA,NA,NA,NA
G-0749,2010,Ward,B,24-Jun-10,NA,NA,NA,NA,NA,NA
G-0750,2010,Ward,B,24-Jun-10,NA,NA,NA,NA,NA,NA
G-0751,2010,Ward,B,24-Jun-10,NA,NA,NA,NA,NA,NA
G-0752,2010,Ward,C,24-Jun-10,NA,NA,NA,NA,NA,NA
G-0753,2010,Ward,C,24-Jun-10,NA,NA,NA,NA,NA,NA
G-0754,2010,Ward,C,24-Jun-10,NA,NA,NA,NA,NA,NA
G-0755,2010,Ward,D,24-Jun-10,NA,NA,NA,NA,NA,NA
G-0756,2010,Ward,D,24-Jun-10,NA,NA,NA,NA,NA,NA
G-0757,2010,Ward,D,24-Jun-10,NA,NA,NA,NA,NA,NA
G-0758,2010,Ward,E,24-Jun-10,NA,NA,NA,NA,NA,NA
G-0759,2010,Ward,E,24-Jun-10,NA,NA,NA,NA,NA,NA
G-0760,2010,Ward,E,24-Jun-10,NA,NA,NA,NA,NA,NA
G-0761,2010,Ward,E,24-Jun-10,NA,NA,NA,NA,NA,NA
G-0762,2010,Ward,E,24-Jun-10,NA,NA,NA,NA,NA,NA
G-0763,2010,Ward,X,24-Jun-10,NA,NA,NA,NA,NA,NA
G-0764,2010,Ward,X,24-Jun-10,NA,NA,NA,NA,NA,NA
G-0765,2010,Ward,A,21-Jul-10,NA,NA,NA,NA,NA,NA
G-0766,2010,Ward,A,21-Jul-10,NA,NA,NA,NA,NA,NA
G-0767,2010,Ward,A,21-Jul-10,NA,NA,NA,NA,NA,NA
G-0768,2010,Ward,E,21-Jul-10,NA,NA,NA,NA,NA,NA
G-0769,2010,Ward,E,21-Jul-10,NA,NA,NA,NA,NA,NA
G-0770,2010,Ward,X,21-Jul-10,NA,NA,NA,NA,NA,NA
G-0771,2010,Ward,X,21-Jul-10,NA,NA,NA,NA,NA,NA
G-0772,2010,Ward,X,21-Jul-10,NA,NA,NA,NA,NA,NA
G-0773,2010,Ward,X,21-Jul-10,NA,NA,NA,NA,NA,NA
G-0774,2010,Ward,X,21-Jul-10,NA,NA,NA,NA,NA,NA
G-0775,2010,Ward,X,21-Jul-10,NA,NA,NA,NA,NA,NA
G-0776,2010,Ward,X,21-Jul-10,NA,NA,NA,NA,NA,NA
G-0777,2010,Ward,X,21-Jul-10,NA,NA,NA,NA,NA,NA
G-0778,2010,Ward,B,22-Jul-10,NA,NA,NA,NA,NA,NA
G-0779,2010,Ward,B,22-Jul-10,NA,NA,NA,NA,NA,NA
G-0780,2010,Ward,C,22-Jul-10,NA,NA,NA,NA,NA,NA
G-0781,2010,Ward,D,22-Jul-10,NA,NA,NA,NA,NA,NA
G-0782,2010,Ward,D,22-Jul-10,NA,NA,NA,NA,NA,NA
G-0783,2010,Ward,D,22-Jul-10,NA,NA,NA,NA,NA,NA
G-0784,2010,Ward,E,22-Jul-10,NA,NA,NA,NA,NA,NA
G-0785,2010,Ward,A,18-Aug-10,NA,NA,NA,NA,NA,NA
G-0786,2010,Ward,A,18-Aug-10,NA,NA,NA,NA,NA,NA
G-0787,2010,Ward,B,18-Aug-10,NA,NA,NA,NA,NA,NA
G-0788,2010,Ward,B,18-Aug-10,NA,NA,NA,NA,NA,NA
G-0789,2010,Ward,B,18-Aug-10,NA,NA,NA,NA,NA,NA
G-0790,2010,Ward,B,18-Aug-10,NA,NA,NA,NA,NA,NA
G-0791,2010,Ward,B,18-Aug-10,NA,NA,NA,NA,NA,NA
G-0792,2010,Ward,B,18-Aug-10,NA,NA,NA,NA,NA,NA
G-0793,2010,Ward,B,18-Aug-10,NA,NA,NA,NA,NA,NA
G-0794,2010,Ward,B,18-Aug-10,NA,NA,NA,NA,NA,NA
G-0795,2010,Ward,B,18-Aug-10,NA,NA,NA,NA,NA,NA
G-0796,2010,Ward,B,18-Aug-10,NA,NA,NA,NA,NA,NA
G-0797,2010,Ward,B,18-Aug-10,NA,NA,NA,NA,NA,NA
G-0798,2010,Ward,C,18-Aug-10,NA,NA,NA,NA,NA,NA
G-0799,2010,Ward,C,18-Aug-10,NA,NA,NA,NA,NA,NA
G-0800,2010,Ward,C,18-Aug-10,NA,NA,NA,NA,NA,NA
G-0801,2010,Ward,D,18-Aug-10,NA,NA,NA,NA,NA,NA
G-0802,2010,Ward,E,18-Aug-10,NA,NA,NA,NA,NA,NA
G-0803,2010,Ward,E,18-Aug-10,NA,NA,NA,NA,NA,NA
G-0804,2010,Ward,E,18-Aug-10,NA,NA,NA,NA,NA,NA
G-0805,2010,Ward,X,18-Aug-10,NA,NA,NA,NA,NA,NA
G-0806,2010,Ward,X,18-Aug-10,NA,NA,NA,NA,NA,NA
G-0807,2010,Ward,X,18-Aug-10,NA,NA,NA,NA,NA,NA
G-0808,2010,Ward,X,18-Aug-10,NA,NA,NA,NA,NA,NA
G-0809,2010,Ward,X,18-Aug-10,NA,NA,NA,NA,NA,NA
G-0810,2010,Ward,X,18-Aug-10,NA,NA,NA,NA,NA,NA
G-0811,2010,Ward,X,18-Aug-10,NA,NA,NA,NA,NA,NA
I-1139,2010,Ward,A,27-May-10,Epi,0,NA,NA,NA,pH=8.35
I-1140,2010,Ward,B,27-May-10,Epi,0,NA,NA,NA,pH=8.35
I-1141,2010,Ward,C,27-May-10,Epi,0,NA,NA,NA,pH=8.35
I-1142,2010,Ward,D,27-May-10,Epi,0,NA,NA,NA,pH=8.35
I-1143,2010,Ward,E,27-May-10,Epi,0,NA,NA,NA,pH=8.35
I-1144,2010,Ward,A,27-May-10,Meta,2.5,NA,NA,NA,pH=8.42
I-1145,2010,Ward,B,27-May-10,Meta,2.5,NA,NA,NA,pH=8.42
I-1146,2010,Ward,C,27-May-10,Meta,2.5,NA,NA,NA,pH=8.42
I-1147,2010,Ward,D,27-May-10,Meta,2.5,NA,NA,NA,pH=8.42
I-1148,2010,Ward,E,27-May-10,Meta,2.5,NA,NA,NA,pH=8.42
I-1149,2010,Ward,E,27-May-10,Littoral,0,NA,NA,NA,pH=8.44
I-1150,2010,Ward,E,27-May-10,Hypo,5.5,NA,NA,NA,pH=7.22
I-1151,2010,Ward,A,22-Jun-10,Epi,1,NA,NA,NA,pH=8.15
I-1152,2010,Ward,B,22-Jun-10,Epi,1,NA,NA,NA,pH=8.15
I-1153,2010,Ward,C,22-Jun-10,Epi,1,NA,NA,NA,pH=8.15
I-1154,2010,Ward,D,22-Jun-10,Epi,1,NA,NA,NA,pH=8.15
I-1155,2010,Ward,E,22-Jun-10,Epi,1,NA,NA,NA,pH=8.15
I-1156,2010,Ward,A,22-Jun-10,Meta,3.5,NA,NA,NA,pH=8.00
I-1157,2010,Ward,B,22-Jun-10,Meta,2.5,NA,NA,NA,pH=8.00
I-1158,2010,Ward,C,22-Jun-10,Meta,3.5,NA,NA,NA,pH=8.00
I-1159,2010,Ward,D,22-Jun-10,Meta,3.5,NA,NA,NA,pH=8.00
I-1160,2010,Ward,E,22-Jun-10,Meta,3.5,NA,NA,NA,pH=8.00
I-1161,2010,Ward,E,22-Jun-10,Littoral,0.5,NA,NA,NA,pH=7.99
I-1162,2010,Ward,E,22-Jun-10,Hypo,6,NA,NA,NA,pH=7.46
I-1173,2010,Ward,A,21-Jul-10,Epi,1,NA,NA,NA,alkalinity=1599 uEq/L
I-1174,2010,Ward,B,21-Jul-10,Epi,1,NA,NA,NA,alkalinity=1599 uEq/L
I-1175,2010,Ward,C,21-Jul-10,Epi,1,NA,NA,NA,alkalinity=1599 uEq/L
I-1176,2010,Ward,D,21-Jul-10,Epi,1,NA,NA,NA,alkalinity=1599 uEq/L
I-1177,2010,Ward,E,21-Jul-10,Epi,1,NA,NA,NA,alkalinity=1599 uEq/L
I-1178,2010,Ward,A,21-Jul-10,Meta,2.5,NA,NA,NA,"no chl-a max, alkalinity=2886 uEq/L"
I-1179,2010,Ward,B,21-Jul-10,Meta,2.5,NA,NA,NA,"no chl-a max, alkalinity=2886 uEq/L"
I-1180,2010,Ward,C,21-Jul-10,Meta,2.5,NA,NA,NA,"no chl-a max, alkalinity=2886 uEq/L"
I-1181,2010,Ward,D,21-Jul-10,Meta,2.5,NA,NA,NA,"no chl-a max, alkalinity=2886 uEq/L"
I-1182,2010,Ward,E,21-Jul-10,Meta,2.5,NA,NA,NA,"no chl-a max, alkalinity=2886 uEq/L"
I-1183,2010,Ward,E,21-Jul-10,Littoral,0.5,NA,NA,NA,alkalinity=1662 uEq/L
I-1184,2010,Ward,E,21-Jul-10,Hypo,6,NA,NA,NA,alkalinity=4392.9 uEq/L
I-1185,2010,Ward,A,18-Aug-10,Epi,1,NA,NA,NA,NA
I-1186,2010,Ward,B,18-Aug-10,Epi,1,NA,NA,NA,NA
I-1187,2010,Ward,C,18-Aug-10,Epi,1,NA,NA,NA,NA
I-1188,2010,Ward,D,18-Aug-10,Epi,1,NA,NA,NA,NA
I-1189,2010,Ward,E,18-Aug-10,Epi,1,NA,NA,NA,NA
I-1190,2010,Ward,A,18-Aug-10,Meta,2.5,NA,NA,NA,NA
I-1191,2010,Ward,B,18-Aug-10,Meta,2.5,NA,NA,NA,NA
I-1192,2010,Ward,C,18-Aug-10,Meta,2.5,NA,NA,NA,NA
I-1193,2010,Ward,D,18-Aug-10,Meta,2.5,NA,NA,NA,NA
I-1194,2010,Ward,E,18-Aug-10,Meta,2.5,NA,NA,NA,NA
I-1195,2010,Ward,E,18-Aug-10,Littoral,0.5,NA,NA,NA,NA
I-1196,2010,Ward,E,18-Aug-10,Hypo,6,NA,NA,NA,NA
I-1197,2012,Ward,A,19-Jun-12,Epi,0.5,NA,NA,NA,NA
I-1198,2012,Ward,A,19-Jun-12,Meta,1.5,NA,NA,NA,NA
I-1199,2012,Ward,B,19-Jun-12,Epi,0.5,NA,NA,NA,NA
I-1200,2012,Ward,B,19-Jun-12,Meta,1.5,NA,NA,NA,NA
I-1201,2012,Ward,C,19-Jun-12,Epi,0.5,NA,NA,NA,NA
I-1202,2012,Ward,C,19-Jun-12,Meta,1.5,NA,NA,NA,NA
I-1203,2012,Ward,A,17-Jul-12,Epi,0.5,NA,NA,NA,NA
I-1204,2012,Ward,A,17-Jul-12,Meta,1.5,NA,NA,NA,NA
I-1205,2012,Ward,B,17-Jul-12,Epi,0.5,NA,NA,NA,NA
I-1206,2012,Ward,B,17-Jul-12,Meta,1.5,NA,NA,NA,NA
I-1207,2012,Ward,C,17-Jul-12,Epi,0.5,NA,NA,NA,NA
I-1208,2012,Ward,C,17-Jul-12,Meta,1.5,NA,NA,NA,NA
I-1209,2012,Ward,A,15-Aug-12,Epi,0.5,NA,NA,NA,NA
I-1210,2012,Ward,A,15-Aug-12,Meta,2,NA,NA,NA,NA
I-1211,2012,Ward,B,15-Aug-12,Epi,0.5,NA,NA,NA,NA
I-1212,2012,Ward,B,15-Aug-12,Meta,2,NA,NA,NA,NA
I-1213,2012,Ward,C,15-Aug-12,Epi,0.5,NA,NA,NA,NA
I-1214,2012,Ward,C,15-Aug-12,Meta,2,NA,NA,NA,NA
O-0339,2010,Ward,A,24-May-10,Epi,0.5,NA,NA,NA,NA
O-0340,2010,Ward,B,24-May-10,Epi,0.5,NA,NA,NA,NA
O-0341,2010,Ward,C,24-May-10,Epi,0.5,NA,NA,NA,NA
O-0342,2010,Ward,D,24-May-10,Epi,0.5,NA,NA,NA,NA
O-0343,2010,Ward,E,24-May-10,Epi,0.5,NA,NA,NA,NA
O-0344,2010,Ward,A,24-May-10,Meta,2.5,NA,NA,NA,NA
O-0345,2010,Ward,B,24-May-10,Meta,2.5,NA,NA,NA,NA
O-0346,2010,Ward,C,24-May-10,Meta,2.5,NA,NA,NA,NA
O-0347,2010,Ward,D,24-May-10,Meta,2.5,NA,NA,NA,NA
O-0348,2010,Ward,E,24-May-10,Meta,2.5,NA,NA,NA,NA
O-0349,2010,Ward,E,24-May-10,Hypo,5.5,NA,NA,NA,NA
O-0350,2010,Ward,E,24-May-10,Litt,0.5,NA,NA,NA,NA
O-0351,2010,Ward,A,22-Jun-10,Epi,1,NA,NA,NA,NA
O-0352,2010,Ward,B,22-Jun-10,Epi,1,NA,NA,NA,NA
O-0353,2010,Ward,C,22-Jun-10,Epi,1,NA,NA,NA,NA
O-0354,2010,Ward,D,22-Jun-10,Epi,1,NA,NA,NA,NA
O-0355,2010,Ward,E,22-Jun-10,Epi,1,NA,NA,NA,NA
O-0356,2010,Ward,A,22-Jun-10,Meta,3.5,NA,NA,NA,NA
O-0357,2010,Ward,B,22-Jun-10,Meta,2.5,NA,NA,NA,NA
O-0358,2010,Ward,C,22-Jun-10,Meta,3.5,NA,NA,NA,NA
O-0359,2010,Ward,D,22-Jun-10,Meta,3.5,NA,NA,NA,NA
O-0360,2010,Ward,E,22-Jun-10,Meta,3.5,NA,NA,NA,NA
O-0361,2010,Ward,E,22-Jun-10,Littoral,0.5,NA,NA,NA,NA
O-0362,2010,Ward,E,22-Jun-10,Hypo,6,NA,NA,NA,NA
O-0363,2010,Ward,A,22-Jul-10,Epi,NA,NA,NA,NA,NA
O-0364,2010,Ward,B,22-Jul-10,Epi,NA,NA,NA,NA,NA
O-0365,2010,Ward,C,22-Jul-10,Epi,NA,NA,NA,NA,NA
O-0366,2010,Ward,D,22-Jul-10,Epi,NA,NA,NA,NA,NA
O-0367,2010,Ward,E,22-Jul-10,Epi,NA,NA,NA,NA,NA
O-0368,2010,Ward,A,22-Jul-10,Meta,NA,NA,NA,NA,NA
O-0369,2010,Ward,B,22-Jul-10,Meta,NA,NA,NA,NA,NA
O-0370,2010,Ward,C,22-Jul-10,Meta,NA,NA,NA,NA,NA
O-0371,2010,Ward,D,22-Jul-10,Meta,NA,NA,NA,NA,NA
O-0372,2010,Ward,E,22-Jul-10,Meta,NA,NA,NA,NA,NA
O-0373,2010,Ward,E,22-Jul-10,Littoral,NA,NA,NA,NA,NA
O-0374,2010,Ward,E,22-Jul-10,Hypo,NA,NA,NA,NA,NA
O-0375,2010,Ward,A,20-Aug-10,Epi,NA,NA,NA,NA,NA
O-0376,2010,Ward,B,20-Aug-10,Epi,NA,NA,NA,NA,NA
O-0377,2010,Ward,C,20-Aug-10,Epi,NA,NA,NA,NA,NA
O-0378,2010,Ward,D,20-Aug-10,Epi,NA,NA,NA,NA,NA
O-0379,2010,Ward,E,20-Aug-10,Epi,NA,NA,NA,NA,NA
O-0380,2010,Ward,A,20-Aug-10,Meta,NA,NA,NA,NA,NA
O-0381,2010,Ward,B,20-Aug-10,Meta,NA,NA,NA,NA,NA
O-0382,2010,Ward,C,20-Aug-10,Meta,NA,NA,NA,NA,NA
O-0383,2010,Ward,D,20-Aug-10,Meta,NA,NA,NA,NA,NA
O-0384,2010,Ward,E,20-Aug-10,Meta,NA,NA,NA,NA,NA
O-0385,2010,Ward,E,20-Aug-10,Littoral,NA,NA,NA,NA,NA
O-0386,2010,Ward,E,20-Aug-10,Hypo,NA,NA,NA,NA,NA
O-0387,2012,Ward,A,19-Jun-12,Epi,0.5,NA,NA,NA,NA
O-0388,2012,Ward,A,19-Jun-12,Meta,1.5,NA,NA,NA,NA
O-0389,2012,Ward,B,19-Jun-12,Epi,0.5,NA,NA,NA,NA
O-0390,2012,Ward,B,19-Jun-12,Meta,1.5,NA,NA,NA,NA
O-0391,2012,Ward,C,19-Jun-12,Epi,0.5,NA,NA,NA,NA
O-0392,2012,Ward,C,19-Jun-12,Meta,1.5,NA,NA,NA,NA
O-0393,2012,Ward,A,17-Jul-12,Epi,0.5,NA,NA,NA,NA
O-0394,2012,Ward,A,17-Jul-12,Meta,1.5,NA,NA,NA,NA
O-0395,2012,Ward,B,17-Jul-12,Epi,0.5,NA,NA,NA,NA
O-0396,2012,Ward,B,17-Jul-12,Meta,1.5,NA,NA,NA,NA
O-0397,2012,Ward,C,17-Jul-12,Epi,0.5,NA,NA,NA,NA
O-0398,2012,Ward,C,17-Jul-12,Meta,1.5,NA,NA,NA,NA
O-0399,2012,Ward,A,15-Aug-12,Epi,0.5,NA,NA,NA,NA
O-0400,2012,Ward,A,15-Aug-12,Meta,2,NA,NA,NA,NA
O-0401,2012,Ward,B,15-Aug-12,Epi,0.5,NA,NA,NA,NA
O-0402,2012,Ward,B,15-Aug-12,Meta,2,NA,NA,NA,NA
O-0403,2012,Ward,C,15-Aug-12,Epi,0.5,NA,NA,NA,NA
O-0404,2012,Ward,C,15-Aug-12,Meta,2,NA,NA,NA,NA
O-0405,2012,Aquashade,NA,15-Jul-12,NA,NA,NA,NA,NA,NA
O-0406,2012,Aquashade,NA,15-Jul-12,NA,NA,NA,NA,NA,NA
P-1124,2010,Ward,A,24-May-10,Epi,Epi,200 mL,"13C/15N; this sample maybe was switched with ""Meta B""",,NA
P-1125,2010,Ward,B,24-May-10,Epi,Epi,200 mL,"13C/15N; there were 2 bottles labeled ""Meta B"" when samples came back from field, but not ""Meta A"" bottle, this & Meta A may be switched",,NA
P-1126,2010,Ward,C,24-May-10,Epi,Epi,200 mL,13C/15N,,NA
P-1127,2010,Ward,D,24-May-10,Epi,Epi,200 mL,13C/15N,,NA
P-1128,2010,Ward,E,24-May-10,Epi,Epi,200 mL,13C/15N,,NA
P-1129,2010,Ward,A,24-May-10,Meta,Meta,150 mL,13C/15N,,NA
P-1130,2010,Ward,B,24-May-10,Meta,Meta,150 mL,13C/15N,,NA
P-1131,2010,Ward,C,24-May-10,Meta,Meta,150 mL,13C/15N,,NA
P-1132,2010,Ward,D,24-May-10,Meta,Meta,150 mL,13C/15N,,NA
P-1133,2010,Ward,E,24-May-10,Meta,Meta,150 mL,13C/15N,,NA
P-1134,2010,Ward,E,24-May-10,Littoral,Littoral,200 mL?,13C/15N,,NA
P-1135,2010,Ward,E,24-May-10,Hypo,Hypo,100 mL,13C/15N,,NA
P-1136,2010,Ward,A,24-May-10,Epi,Epi,~2L,dD; 1.72 mg,,NA
P-1137,2010,Ward,B,24-May-10,Epi,Epi,~2L,dD; 1.35 mg,,NA
P-1138,2010,Ward,C,24-May-10,Epi,Epi,~2L,dD; 0.91 mg,,NA
P-1139,2010,Ward,D,24-May-10,Epi,Epi,~2L,dD; 1.06 mg,,NA
P-1140,2010,Ward,E,24-May-10,Epi,Epi,~2L,dD; 0.66 mg,,NA
P-1141,2010,Ward,A,24-May-10,Meta,Meta,~2L,dD; 1.10 mg,,NA
P-1142,2010,Ward,B,24-May-10,Meta,Meta,~2L,dD; ? mg,,NA
P-1143,2010,Ward,C,24-May-10,Meta,Meta,~2L,dD; 1.57 mg,,NA
P-1144,2010,Ward,D,24-May-10,Meta,Meta,~2L,dD; 0.78 mg,,NA
P-1145,2010,Ward,E,24-May-10,Meta,Meta,~2L,dD; 0.75 mg,,NA
P-1146,2010,Ward,E,24-May-10,Littoral,Littoral,~2L,dD; ? mg,,NA
P-1147,2010,Ward,E,24-May-10,Hypo,Hypo,~75mL,dD; 1 mg,,NA
P-1148,2010,Ward,A,22-Jun-10,Epi,Epi (1m),200 mL,13C/15N,,NA
P-1149,2010,Ward,B,22-Jun-10,Epi,Epi (1m),200 mL,13C/15N,,NA
P-1150,2010,Ward,C,22-Jun-10,Epi,Epi (1m),200 mL,13C/15N,,NA
P-1151,2010,Ward,D,22-Jun-10,Epi,Epi (1m),200 mL,13C/15N,,NA
P-1152,2010,Ward,E,22-Jun-10,Epi,Epi (1m),200 mL,13C/15N,,NA
P-1153,2010,Ward,A,22-Jun-10,Meta,Meta (3.5m),100 mL,13C/15N,,NA
P-1154,2010,Ward,B,22-Jun-10,Meta,Meta (2.5m),100 mL,13C/15N,,NA
P-1155,2010,Ward,C,22-Jun-10,Meta,Meta (3.5m),100 mL,13C/15N,,NA
P-1156,2010,Ward,D,22-Jun-10,Meta,Meta (3.5m),100 mL,13C/15N,,NA
P-1157,2010,Ward,E,22-Jun-10,Meta,Meta (3.5m),100 mL,13C/15N,,NA
P-1158,2010,Ward,E,22-Jun-10,Littoral,Littoral (0.5m),200 mL,13C/15N,,NA
P-1159,2010,Ward,E,22-Jun-10,Hypo,Hypo (6m),70 mL,13C/15N,,NA
P-1160,2010,Ward,A,24-Jun-10,Epi,Epi (1m),,dD; 3.93 mg,,NA
P-1161,2010,Ward,B,24-Jun-10,Epi,Epi (1m),,dD; 2.55 mg,,NA
P-1162,2010,Ward,C,24-Jun-10,Epi,Epi (1m),,dD; 3.22 mg,,NA
P-1163,2010,Ward,D,24-Jun-10,Epi,Epi (1m),,dD; 3.05 mg,,NA
P-1164,2010,Ward,E,24-Jun-10,Epi,Epi (1m),,dD; 3.65 mg,,NA
P-1165,2010,Ward,A,24-Jun-10,Meta,Meta (3.5m),,dD; 7.23 mg,,NA
P-1166,2010,Ward,B,24-Jun-10,Meta,Meta (2.5m),,dD; 4.23 mg,,NA
P-1167,2010,Ward,C,25-Jun-10,Meta,Meta (3.5m),,dD; 5.11 mg,,NA
P-1168,2010,Ward,D,24-Jun-10,Meta,Meta (3.5m),,dD; 5.15 mg,,NA
P-1169,2010,Ward,E,24-Jun-10,Meta,Meta (3.5m),,dD; 6 mg,,NA
P-1170,2010,Ward,E,24-Jun-10,Littoral,Littoral (0.5m),,dD; 3.79 mg,,NA
P-1171,2010,Ward,E,25-Jun-10,Hypo,Hypo (6m),,dD; 13.39 mg (?),,NA
P-1172,2010,Ward,A,22-Jul-10,Epi,Epi,,13C/15N,,NA
P-1173,2010,Ward,B,22-Jul-10,Epi,Epi,,13C/15N,,NA
P-1174,2010,Ward,C,22-Jul-10,Epi,Epi,,13C/15N,,NA
P-1175,2010,Ward,D,22-Jul-10,Epi,Epi,,13C/15N,,NA
P-1176,2010,Ward,E,22-Jul-10,Epi,Epi,,13C/15N,,NA
P-1177,2010,Ward,A,22-Jul-10,Meta,Meta,,13C/15N,,NA
P-1178,2010,Ward,B,22-Jul-10,Meta,Meta,,13C/15N,,NA
P-1179,2010,Ward,C,22-Jul-10,Meta,Meta,,13C/15N,,NA
P-1180,2010,Ward,D,22-Jul-10,Meta,Meta,,13C/15N,,NA
P-1181,2010,Ward,E,22-Jul-10,Meta,Meta,,13C/15N,,NA
P-1182,2010,Ward,E,22-Jul-10,Littoral,Littoral,,13C/15N,,NA
P-1183,2010,Ward,E,22-Jul-10,Hypo,Hypo,,13C/15N,,NA
P-1184,2010,Ward,A,19-Jul-10,Epi,Epi,,dD; 1.86 mg,,NA
P-1185,2010,Ward,B,19-Jul-10,Epi,Epi,~3L,dD; 1.79 mg,,NA
P-1186,2010,Ward,C,19-Jul-10,Epi,Epi,~3L,dD; 3.85 mg,,NA
P-1187,2010,Ward,D,19-Jul-10,Epi,Epi,~3L,dD; 3.81 mg,,NA
P-1188,2010,Ward,E,19-Jul-10,Epi,Epi,~3L,dD; 3.73 mg,,NA
P-1189,2010,Ward,A,19-Jul-10,Meta,Meta,~3L,dD; 5.37 mg,,NA
P-1190,2010,Ward,B,19-Jul-10,Meta,Meta,~3L,dD; 4.89 mg,,NA
P-1191,2010,Ward,C,19-Jul-10,Meta,Meta,~3L,dD; 5.95 mg,,NA
P-1192,2010,Ward,D,19-Jul-10,Meta,Meta,~3L,dD; 8.09 mg,,NA
P-1193,2010,Ward,E,19-Jul-10,Meta,Meta,~3L,dD; 7.68 mg,,NA
P-1194,2010,Ward,E,19-Jul-10,Littoral,Littoral,~3L,dD; 5.61 mg,,NA
P-1195,2010,Ward,E,19-Jul-10,Hypo,Hypo,,dD; 11.39 mg,,NA
P-1196,2010,Ward,A,19-Aug-10,Epi,Epi (1m),,dD,,NA
P-1197,2010,Ward,B,19-Aug-10,Epi,Epi (1m),,dD,,NA
P-1198,2010,Ward,C,19-Aug-10,Epi,Epi (1m),,dD,,NA
P-1199,2010,Ward,D,19-Aug-10,Epi,Epi (1m),,dD,,NA
P-1200,2010,Ward,E,19-Aug-10,Epi,Epi (1m),,dD,,NA
P-1201,2010,Ward,A,19-Aug-10,Meta,Meta (2.5m),,dD,,NA
P-1202,2010,Ward,B,19-Aug-10,Meta,Meta (2.5m),,dD,,NA
P-1203,2010,Ward,C,19-Aug-10,Meta,Meta (2.5m),,dD,,NA
P-1204,2010,Ward,D,19-Aug-10,Meta,Meta (2.5m),,dD,,NA
P-1205,2010,Ward,E,19-Aug-10,Meta,Meta (2.5m),,dD,,NA
P-1206,2010,Ward,E,19-Aug-10,Littoral,litt (0.5m),,dD,,NA
P-1207,2010,Ward,E,19-Aug-10,Hypo,Hypo (5.5m),,dD,,NA
P-1208,2010,Ward,A,20-Aug-10,Epi,Epi (1m),,13C/15N,,NA
P-1209,2010,Ward,B,20-Aug-10,Epi,Epi (1m),,13C/15N,,NA
P-1210,2010,Ward,C,20-Aug-10,Epi,Epi (1m),,13C/15N,,NA
P-1211,2010,Ward,D,20-Aug-10,Epi,Epi (1m),,13C/15N,,NA
P-1212,2010,Ward,E,20-Aug-10,Epi,Epi (1m),,13C/15N,,NA
P-1213,2010,Ward,A,20-Aug-10,Meta,Meta (2.5m),,13C/15N,,NA
P-1214,2010,Ward,B,20-Aug-10,Meta,Meta (2.5m),,13C/15N,,NA
P-1215,2010,Ward,C,20-Aug-10,Meta,Meta (2.5m),,13C/15N,,NA
P-1216,2010,Ward,D,20-Aug-10,Meta,Meta (2.5m),,13C/15N,,NA
P-1217,2010,Ward,E,20-Aug-10,Meta,Meta (2.5m),,13C/15N,,NA
P-1218,2010,Ward,E,20-Aug-10,Hypo,Hypo (5.5m),,13C/15N,,NA
P-1232,2012,Ward,A,19-Jun-12,Epi,0.5,200,CN,,CN Cooked >100_C
P-1233,2012,Ward,A,19-Jun-12,Meta,1.5,200,CN,,CN Cooked >100_C
P-1234,2012,Ward,B,19-Jun-12,Epi,0.5,200,CN,,CN Cooked >100_C
P-1235,2012,Ward,B,19-Jun-12,Meta,1.5,200,CN,,CN Cooked >100_C
P-1236,2012,Ward,C,19-Jun-12,Epi,0.5,200,CN,,CN Cooked >100_C
P-1237,2012,Ward,C,19-Jun-12,Meta,1.5,200,CN,,CN Cooked >100_C
P-1238,2012,Ward,A,19-Jun-12,Epi,0.5,,dD,,NA
P-1239,2012,Ward,A,19-Jun-12,Meta,1.5,,dD,,NA
P-1240,2012,Ward,B,19-Jun-12,Epi,0.5,,dD,,NA
P-1241,2012,Ward,B,19-Jun-12,Meta,1.5,,dD,,NA
P-1242,2012,Ward,C,19-Jun-12,Epi,0.5,,dD,,NA
P-1243,2012,Ward,C,19-Jun-12,Meta,1.5,,dD,,NA
P-1244,2012,Ward,A,17-Jul-12,Epi,0.5,,dD,,NA
P-1245,2012,Ward,A,17-Jul-12,Meta,1.5,,dD,,NA
P-1246,2012,Ward,B,17-Jul-12,Epi,0.5,,dD,,NA
P-1247,2012,Ward,B,17-Jul-12,Meta,1.5,,dD,,NA
P-1248,2012,Ward,C,17-Jul-12,Epi,0.5,,dD,,NA
P-1249,2012,Ward,C,17-Jul-12,Meta,1.5,,dD,,NA
P-1250,2012,Ward,A,17-Jul-12,Epi,0.5,100,CN,,NA
P-1251,2012,Ward,A,17-Jul-12,Meta,1.5,100,CN,,NA
P-1252,2012,Ward,B,17-Jul-12,Epi,0.5,100,CN,,NA
P-1253,2012,Ward,B,17-Jul-12,Meta,1.5,100,CN,,NA
P-1254,2012,Ward,C,17-Jul-12,Epi,0.5,100,CN,,NA
P-1255,2012,Ward,C,17-Jul-12,Meta,1.5,100,CN,,NA
P-1256,2012,Ward,A,14-Aug-12,Epi,0.5,,dD,,NA
P-1257,2012,Ward,A,14-Aug-12,Meta,2,,dD,,NA
P-1258,2012,Ward,B,14-Aug-12,Epi,0.5,,dD,,NA
P-1259,2012,Ward,B,14-Aug-12,Meta,2,,dD,,NA
P-1260,2012,Ward,C,14-Aug-12,Epi,0.5,,dD,,NA
P-1261,2012,Ward,C,14-Aug-12,Meta,2,,dD,,NA
P-1262,2012,Ward,A,14-Aug-12,Epi,0.5,100,CN,,NA
P-1263,2012,Ward,A,14-Aug-12,Meta,2,100,CN,,NA
P-1264,2012,Ward,B,14-Aug-12,Epi,0.5,100,CN,,NA
P-1265,2012,Ward,B,14-Aug-12,Meta,2,100,CN,,NA
P-1266,2012,Ward,C,14-Aug-12,Epi,0.5,100,CN,,NA
P-1267,2012,Ward,C,14-Aug-12,Meta,2,100,CN,,NA
V-0246,2010,Ward,A,28-May-10,NA,NA,NA,NA,Macrophyte,
V-0247,2010,Ward,B,30-May-10,NA,NA,NA,NA,Macrophyte,
V-0248,2010,Ward,B,30-May-10,NA,NA,NA,NA,Macrophyte,
V-0249,2010,Ward,C,30-May-10,NA,NA,NA,NA,Macrophyte,
V-0250,2010,Ward,D,30-May-10,NA,NA,NA,NA,Macrophyte,packaged with potag; not the cleanest sample (lots of stuff growing on it)
V-0251,2010,Ward,E,30-May-10,NA,NA,NA,NA,Macrophyte,stored w/ potag; moderately clean
V-0252,2010,Ward,A,30-May-10,NA,NA,NA,NA,Macrophyte,
V-0253,2010,Ward,B,30-May-10,NA,NA,NA,NA,Macrophyte,
V-0254,2010,Ward,D,30-May-10,NA,NA,NA,NA,Macrophyte,w/ chara; not cleanest
V-0255,2010,Ward,E,30-May-10,NA,NA,NA,NA,Macrophyte,stored with chara; carefully cleaned
V-0256,2010,Ward,E,30-May-10,NA,NA,NA,NA,Macrophyte,unknowingly stored w/ chara
V-0257,2010,Ward,A,28-May-10,NA,NA,NA,NA,Macrophyte,lillies have been chewed on; noticed a *thin* layer of periphyton on bottom of leaf; was brown like on tiles
V-0258,2010,Ward,B,30-May-10,NA,NA,NA,NA,Macrophyte,2 leaves
V-0259,2010,Ward,C,30-May-10,NA,NA,NA,NA,Macrophyte,2 leaves
V-0260,2010,Ward,D,30-May-10,NA,NA,NA,NA,Macrophyte,2 leaves
V-0261,2010,Ward,E,30-May-10,NA,NA,NA,NA,Macrophyte,2 leaves
V-0262,2010,Ward,A,28-May-10,NA,NA,NA,NA,Macrophyte,
V-0263,2010,Ward,B,30-May-10,NA,NA,NA,NA,Macrophyte,2 stalks
V-0264,2010,Ward,C,30-May-10,NA,NA,NA,NA,Macrophyte,2 stalks
V-0265,2010,Ward,D,30-May-10,NA,NA,NA,NA,Macrophyte,2 stalks
V-0266,2010,Ward,E,30-May-10,NA,NA,NA,NA,Macrophyte,2 stalks
V-0267,2010,Ward,A,28-May-10,NA,NA,NA,NA,Macrophyte,flower hadn't quite opened
V-0268,2010,Ward,A,28-May-10,NA,NA,NA,NA,Macrophyte,slime removed
V-0269,2010,Ward,A,28-May-10,NA,NA,NA,NA,Macrophyte,something is chewing on leaves
V-0270,2010,Ward,A,28-May-10,NA,NA,NA,NA,Macrophyte,
V-0271,2010,Ward,A,28-May-10,NA,NA,NA,NA,Terrestrial,
V-0272,2010,Ward,B,28-May-10,NA,NA,NA,NA,Terrestrial,
V-0273,2010,Ward,A,30-May-10,NA,NA,NA,NA,Terrestrial,
V-0274,2010,Ward,B,30-May-10,NA,NA,NA,NA,Terrestrial,
V-0275,2010,Ward,C,30-May-10,NA,NA,NA,NA,Terrestrial,
V-0276,2010,Ward,C,30-May-10,NA,NA,NA,NA,Terrestrial,
V-0277,2010,Ward,D,30-May-10,NA,NA,NA,NA,Terrestrial,
V-0278,2010,Ward,D,30-May-10,NA,NA,NA,NA,Terrestrial,
V-0279,2010,Ward,E,30-May-10,NA,NA,NA,NA,Terrestrial,
V-0280,2010,Ward,E,30-May-10,NA,NA,NA,NA,Terrestrial,
V-0281,2010,Ward,E,30-May-10,NA,NA,NA,NA,Terrestrial,
V-0282,2010,Ward,D,30-May-10,NA,NA,NA,NA,Terrestrial,
V-0283,2010,Ward,C,30-May-10,NA,NA,NA,NA,Terrestrial,
V-0284,2010,Ward,A,28-May-10,NA,NA,NA,NA,Terrestrial,
V-0285,2010,Ward,B,30-May-10,NA,NA,NA,NA,Terrestrial,
V-0286,2010,Ward,B,30-May-10,NA,NA,NA,NA,Terrestrial,
V-0287,2010,Ward,A,25-Jun-10,NA,NA,NA,NA,Macrophyte,
V-0288,2010,Ward,B,25-Jun-10,NA,NA,NA,NA,Macrophyte,
V-0289,2010,Ward,C,25-Jun-10,NA,NA,NA,NA,Macrophyte,
V-0290,2010,Ward,D,25-Jun-10,NA,NA,NA,NA,Macrophyte,ID?
V-0291,2010,Ward,E,25-Jun-10,NA,NA,NA,NA,Macrophyte,ID? (As Nija)
V-0292,2010,Ward,B,25-Jun-10,NA,NA,NA,NA,Macrophyte,
V-0293,2010,Ward,C,25-Jun-10,NA,NA,NA,NA,Macrophyte,
V-0294,2010,Ward,D,25-Jun-10,NA,NA,NA,NA,Macrophyte,
V-0295,2010,Ward,E,25-Jun-10,NA,NA,NA,NA,Macrophyte,
V-0296,2010,Ward,A,25-Jun-10,NA,NA,NA,NA,Macrophyte,
V-0297,2010,Ward,A,25-Jun-10,NA,NA,NA,NA,Macrophyte,
V-0298,2010,Ward,A,25-Jun-10,NA,NA,NA,NA,Macrophyte,
V-0299,2010,Ward,B,25-Jun-10,NA,NA,NA,NA,Macrophyte,
V-0300,2010,Ward,C,25-Jun-10,NA,NA,NA,NA,Macrophyte,
V-0301,2010,Ward,E,25-Jun-10,NA,NA,NA,NA,Macrophyte,
V-0302,2010,Ward,A,25-Jun-10,NA,NA,NA,NA,Terrestrial,
V-0303,2010,Ward,B,25-Jun-10,NA,NA,NA,NA,Terrestrial,
V-0304,2010,Ward,C,25-Jun-10,NA,NA,NA,NA,Terrestrial,
V-0305,2010,Ward,D,25-Jun-10,NA,NA,NA,NA,Terrestrial,
V-0306,2010,Ward,E,25-Jun-10,NA,NA,NA,NA,Terrestrial,
V-0307,2010,Ward,A,25-Jun-10,NA,NA,NA,NA,Terrestrial,
V-0308,2010,Ward,B,25-Jun-10,NA,NA,NA,NA,Terrestrial,
V-0309,2010,Ward,C,25-Jun-10,NA,NA,NA,NA,Terrestrial,
V-0310,2010,Ward,D,25-Jun-10,NA,NA,NA,NA,Terrestrial,
V-0311,2010,Ward,E,25-Jun-10,NA,NA,NA,NA,Terrestrial,
V-0312,2010,Ward,A,25-Jun-10,NA,NA,NA,NA,Terrestrial,
V-0313,2010,Ward,B,25-Jun-10,NA,NA,NA,NA,Terrestrial,
V-0314,2010,Ward,C,25-Jun-10,NA,NA,NA,NA,Terrestrial,
V-0315,2010,Ward,D,25-Jun-10,NA,NA,NA,NA,Terrestrial,
V-0316,2010,Ward,E,25-Jun-10,NA,NA,NA,NA,Terrestrial,
V-0317,2010,Ward,C,25-Jun-10,NA,NA,NA,NA,Macrophyte,
V-0318,2010,Ward,D,25-Jun-10,NA,NA,NA,NA,Macrophyte,
V-0319,2010,Ward,A,20-Jul-10,NA,NA,NA,NA,Macrophyte,
V-0320,2010,Ward,B,20-Jul-10,NA,NA,NA,NA,Macrophyte,
V-0321,2010,Ward,C,20-Jul-10,NA,NA,NA,NA,Macrophyte,
V-0322,2010,Ward,D,20-Jul-10,NA,NA,NA,NA,Macrophyte,
V-0323,2010,Ward,E,20-Jul-10,NA,NA,NA,NA,Macrophyte,
V-0324,2010,Ward,A,20-Jul-10,NA,NA,NA,NA,Macrophyte,
V-0325,2010,Ward,B,20-Jul-10,NA,NA,NA,NA,Macrophyte,
V-0326,2010,Ward,C,20-Jul-10,NA,NA,NA,NA,Macrophyte,
V-0327,2010,Ward,D,20-Jul-10,NA,NA,NA,NA,Macrophyte,
V-0328,2010,Ward,E,20-Jul-10,NA,NA,NA,NA,Macrophyte,
V-0329,2010,Ward,A,20-Jul-10,NA,NA,NA,NA,Macrophyte,
V-0330,2010,Ward,A,20-Jul-10,NA,NA,NA,NA,Macrophyte,
V-0331,2010,Ward,A,20-Jul-10,NA,NA,NA,NA,Terrestrial,
V-0332,2010,Ward,B,20-Jul-10,NA,NA,NA,NA,Terrestrial,
V-0333,2010,Ward,C,20-Jul-10,NA,NA,NA,NA,Terrestrial,
V-0334,2010,Ward,D,20-Jul-10,NA,NA,NA,NA,Terrestrial,
V-0335,2010,Ward,E,20-Jul-10,NA,NA,NA,NA,Terrestrial,
V-0336,2010,Ward,A,20-Jul-10,NA,NA,NA,NA,Terrestrial,
V-0337,2010,Ward,B,20-Jul-10,NA,NA,NA,NA,Terrestrial,
V-0338,2010,Ward,C,20-Jul-10,NA,NA,NA,NA,Terrestrial,
V-0339,2010,Ward,D,20-Jul-10,NA,NA,NA,NA,Terrestrial,
V-0340,2010,Ward,E,20-Jul-10,NA,NA,NA,NA,Terrestrial,
V-0341,2010,Ward,A,20-Jul-10,NA,NA,NA,NA,Terrestrial,
V-0342,2010,Ward,B,20-Jul-10,NA,NA,NA,NA,Terrestrial,
V-0343,2010,Ward,C,20-Jul-10,NA,NA,NA,NA,Terrestrial,
V-0344,2010,Ward,D,20-Jul-10,NA,NA,NA,NA,Terrestrial,
V-0345,2010,Ward,E,20-Jul-10,NA,NA,NA,NA,Terrestrial,
V-0346,2010,Ward,A,20-Jul-10,NA,NA,NA,NA,Macrophyte,ID?
V-0347,2010,Ward,B,20-Jul-10,NA,NA,NA,NA,Macrophyte,ID?
V-0348,2010,Ward,C,20-Jul-10,NA,NA,NA,NA,Macrophyte,ID?
V-0349,2010,Ward,D,20-Jul-10,NA,NA,NA,NA,Macrophyte,ID?
V-0350,2010,Ward,E,20-Jul-10,NA,NA,NA,NA,Macrophyte,ID?
V-0351,2010,Ward,A,20-Jul-10,NA,NA,NA,NA,Macrophyte,schmutzy sample (yuck!)
V-0352,2010,Ward,B,20-Jul-10,NA,NA,NA,NA,Macrophyte,
V-0353,2010,Ward,C,20-Jul-10,NA,NA,NA,NA,Macrophyte,
V-0354,2010,Ward,D,20-Jul-10,NA,NA,NA,NA,Macrophyte,
V-0355,2010,Ward,E,20-Jul-10,NA,NA,NA,NA,Macrophyte,
V-0356,2010,Ward,A,17-Aug-10,NA,NA,NA,NA,Macrophyte,
V-0357,2010,Ward,B,17-Aug-10,NA,NA,NA,NA,Macrophyte,
V-0358,2010,Ward,C,17-Aug-10,NA,NA,NA,NA,Macrophyte,looked kinda dirty when grinding (?)
V-0359,2010,Ward,D,17-Aug-10,NA,NA,NA,NA,Macrophyte,
V-0360,2010,Ward,E,17-Aug-10,NA,NA,NA,NA,Macrophyte,
V-0361,2010,Ward,A,17-Aug-10,NA,NA,NA,NA,Macrophyte,
V-0362,2010,Ward,B,17-Aug-10,NA,NA,NA,NA,Macrophyte,
V-0363,2010,Ward,C,17-Aug-10,NA,NA,NA,NA,Macrophyte,
V-0364,2010,Ward,D,17-Aug-10,NA,NA,NA,NA,Macrophyte,
V-0365,2010,Ward,E,17-Aug-10,NA,NA,NA,NA,Macrophyte,
V-0366,2010,Ward,A,17-Aug-10,NA,NA,NA,NA,Macrophyte,
V-0367,2010,Ward,B,17-Aug-10,NA,NA,NA,NA,Macrophyte,
V-0368,2010,Ward,C,17-Aug-10,NA,NA,NA,NA,Macrophyte,
V-0369,2010,Ward,D,17-Aug-10,NA,NA,NA,NA,Macrophyte,
V-0370,2010,Ward,E,17-Aug-10,NA,NA,NA,NA,Macrophyte,
V-0371,2010,Ward,A,17-Aug-10,NA,NA,NA,NA,Terrestrial,
V-0372,2010,Ward,B,17-Aug-10,NA,NA,NA,NA,Terrestrial,
V-0373,2010,Ward,C,17-Aug-10,NA,NA,NA,NA,Terrestrial,
V-0374,2010,Ward,D,17-Aug-10,NA,NA,NA,NA,Terrestrial,
V-0375,2010,Ward,E,17-Aug-10,NA,NA,NA,NA,Terrestrial,
V-0376,2010,Ward,A,17-Aug-10,NA,NA,NA,NA,Terrestrial,
V-0377,2010,Ward,B,17-Aug-10,NA,NA,NA,NA,Terrestrial,
V-0378,2010,Ward,C,17-Aug-10,NA,NA,NA,NA,Terrestrial,
V-0379,2010,Ward,D,17-Aug-10,NA,NA,NA,NA,Terrestrial,
V-0380,2010,Ward,E,17-Aug-10,NA,NA,NA,NA,Terrestrial,
V-0381,2010,Ward,A,17-Aug-10,NA,NA,NA,NA,Terrestrial,
V-0382,2010,Ward,B,17-Aug-10,NA,NA,NA,NA,Terrestrial,
V-0383,2010,Ward,C,17-Aug-10,NA,NA,NA,NA,Terrestrial,
V-0384,2010,Ward,D,17-Aug-10,NA,NA,NA,NA,Terrestrial,
V-0385,2010,Ward,E,17-Aug-10,NA,NA,NA,NA,Terrestrial,
V-0386,2010,Ward,D,17-Aug-10,NA,NA,NA,NA,Macrophyte,
V-0387,2010,Ward,B,17-Aug-10,NA,NA,NA,NA,Macrophyte,ID?
V-0388,2012,Ward,C,18-Jun-12,NA,NA,NA,NA,Macrophyte,
V-0389,2012,Ward,A,18-Jun-12,NA,NA,NA,NA,Macrophyte,
V-0390,2012,Ward,B,18-Jun-12,NA,NA,NA,NA,Macrophyte,
V-0391,2012,Ward,C,18-Jun-12,NA,NA,NA,NA,Macrophyte,
V-0392,2012,Ward,A,18-Jun-12,NA,NA,NA,NA,Terrestrial,
V-0393,2012,Ward,B,18-Jun-12,NA,NA,NA,NA,Terrestrial,
V-0394,2012,Ward,C,18-Jun-12,NA,NA,NA,NA,Terrestrial,
V-0395,2012,Ward,B,18-Jun-12,NA,NA,NA,NA,Macrophyte,
V-0396,2012,Ward,C,18-Jun-12,NA,NA,NA,NA,Macrophyte,
V-0397,2012,Ward,A,18-Jun-12,NA,NA,NA,NA,Macrophyte,
V-0398,2012,Ward,B,18-Jun-12,NA,NA,NA,NA,Macrophyte,
V-0399,2012,Ward,C,18-Jun-12,NA,NA,NA,NA,Macrophyte,
V-0400,2012,Ward,A,18-Jun-12,NA,NA,NA,NA,Terrestrial,
V-0401,2012,Ward,B,18-Jun-12,NA,NA,NA,NA,Terrestrial,
V-0402,2012,Ward,C,18-Jun-12,NA,NA,NA,NA,Terrestrial,
V-0403,2012,Ward,A,18-Jun-12,NA,NA,NA,NA,Macrophyte,
V-0404,2012,Ward,B,18-Jun-12,NA,NA,NA,NA,Macrophyte,
V-0405,2012,Ward,C,18-Jun-12,NA,NA,NA,NA,Macrophyte,
V-0406,2012,Ward,B,18-Jun-12,NA,NA,NA,NA,Macrophyte,
V-0407,2012,Ward,C,18-Jun-12,NA,NA,NA,NA,Macrophyte,
V-0408,2012,Ward,B,18-Jun-12,NA,NA,NA,NA,Macrophyte,
V-0409,2012,Ward,C,18-Jun-12,NA,NA,NA,NA,Macrophyte,
V-0410,2012,Ward,A,18-Jun-12,NA,NA,NA,NA,Macrophyte,
V-0411,2012,Ward,C,18-Jun-12,NA,NA,NA,NA,Macrophyte,
V-0412,2012,Ward,B,18-Jun-12,NA,NA,NA,NA,Terrestrial,
V-0413,2012,Ward,B,18-Jun-12,NA,NA,NA,NA,Macrophyte,
V-0414,2012,Ward,C,18-Jun-12,NA,NA,NA,NA,Macrophyte,
V-0415,2012,Ward,C,18-Jun-12,NA,NA,NA,NA,Macrophyte,
V-0416,2012,Ward,A,16-Jul-12,NA,NA,NA,NA,Macrophyte,
V-0417,2012,Ward,B,16-Jul-12,NA,NA,NA,NA,Macrophyte,
V-0418,2012,Ward,C,16-Jul-12,NA,NA,NA,NA,Macrophyte,
V-0419,2012,Ward,A,16-Jul-12,NA,NA,NA,NA,Macrophyte,
V-0420,2012,Ward,B,16-Jul-12,NA,NA,NA,NA,Macrophyte,
V-0421,2012,Ward,C,16-Jul-12,NA,NA,NA,NA,Macrophyte,
V-0422,2012,Ward,A,16-Jul-12,NA,NA,NA,NA,Macrophyte,
V-0423,2012,Ward,B,16-Jul-12,NA,NA,NA,NA,Macrophyte,
V-0424,2012,Ward,C,16-Jul-12,NA,NA,NA,NA,Macrophyte,
V-0425,2012,Ward,A,16-Jul-12,NA,NA,NA,NA,Macrophyte,
V-0426,2012,Ward,B,16-Jul-12,NA,NA,NA,NA,Macrophyte,
V-0427,2012,Ward,C,16-Jul-12,NA,NA,NA,NA,Macrophyte,
V-0428,2012,Ward,A,16-Jul-12,NA,NA,NA,NA,Terrestrial,
V-0429,2012,Ward,B,16-Jul-12,NA,NA,NA,NA,Terrestrial,
V-0430,2012,Ward,C,16-Jul-12,NA,NA,NA,NA,Terrestrial,
V-0431,2012,Ward,A,16-Jul-12,NA,NA,NA,NA,Terrestrial,
V-0432,2012,Ward,B,16-Jul-12,NA,NA,NA,NA,Terrestrial,
V-0433,2012,Ward,C,16-Jul-12,NA,NA,NA,NA,Terrestrial,
V-0434,2012,Ward,A,16-Jul-12,NA,NA,NA,NA,Terrestrial,
V-0435,2012,Ward,A,16-Jul-12,NA,NA,NA,NA,Macrophyte,
V-0436,2012,Ward,B,16-Jul-12,NA,NA,NA,NA,Macrophyte,
V-0437,2012,Ward,C,16-Jul-12,NA,NA,NA,NA,Macrophyte,
V-0438,2012,Ward,A,16-Jul-12,NA,NA,NA,NA,Macrophyte,
V-0439,2012,Ward,B,16-Jul-12,NA,NA,NA,NA,Macrophyte,
V-0440,2012,Ward,C,16-Jul-12,NA,NA,NA,NA,Macrophyte,
V-0441,2012,Ward,A,16-Jul-12,NA,NA,NA,NA,Macrophyte,
V-0442,2012,Ward,B,16-Jul-12,NA,NA,NA,NA,Macrophyte,
V-0443,2012,Ward,C,16-Jul-12,NA,NA,NA,NA,Macrophyte,
V-0444,2012,Ward,C,16-Jul-12,NA,NA,NA,NA,Macrophyte,
V-0445,2012,Ward,B,16-Jul-12,NA,NA,NA,NA,Macrophyte,
V-0446,2012,Ward,B,16-Jul-12,NA,NA,NA,NA,Macrophyte,leaves only (no bladder)
V-0447,2012,Ward,B,16-Jul-12,NA,NA,NA,NA,Macrophyte,bladder of V-0446
V-0448,2012,Ward,B,16-Jul-12,NA,NA,NA,NA,Macrophyte,whole plant
V-0449,2012,Ward,C,13-Aug-12,NA,NA,NA,NA,Macrophyte,
V-0450,2012,Ward,A,13-Aug-12,NA,NA,NA,NA,Macrophyte,
V-0451,2012,Ward,A,13-Aug-12,NA,NA,NA,NA,Macrophyte,
V-0452,2012,Ward,B,13-Aug-12,NA,NA,NA,NA,Macrophyte,
V-0453,2012,Ward,C,13-Aug-12,NA,NA,NA,NA,Macrophyte,
V-0454,2012,Ward,C,13-Aug-12,NA,NA,NA,NA,Macrophyte,
V-0455,2012,Ward,C,13-Aug-12,NA,NA,NA,NA,Macrophyte,
V-0456,2012,Ward,B,13-Aug-12,NA,NA,NA,NA,Macrophyte,
V-0457,2012,Ward,C,13-Aug-12,NA,NA,NA,NA,Macrophyte,
V-0458,2012,Ward,B,13-Aug-12,NA,NA,NA,NA,Macrophyte,
V-0459,2012,Ward,B,13-Aug-12,NA,NA,NA,NA,Macrophyte,
V-0460,2012,Ward,B,13-Aug-12,NA,NA,NA,NA,Macrophyte,
V-0461,2012,Ward,A,13-Aug-12,NA,NA,NA,NA,Macrophyte,
V-0462,2012,Ward,C,13-Aug-12,NA,NA,NA,NA,Macrophyte,
V-0463,2012,Ward,A,13-Aug-12,NA,NA,NA,NA,Macrophyte,
V-0464,2012,Ward,B,13-Aug-12,NA,NA,NA,NA,Macrophyte,
V-0465,2012,Ward,B,13-Aug-12,NA,NA,NA,NA,Macrophyte,
V-0466,2012,Ward,C,13-Aug-12,NA,NA,NA,NA,Macrophyte,
V-0467,2012,Ward,A,13-Aug-12,NA,NA,NA,NA,Macrophyte,
V-0468,2012,Ward,B,13-Aug-12,NA,NA,NA,NA,Terrestrial,
V-0469,2012,Ward,A,13-Aug-12,NA,NA,NA,NA,Macrophyte,
V-0470,2012,Ward,C,13-Aug-12,NA,NA,NA,NA,Macrophyte,
V-0471,2012,Ward,A,13-Aug-12,NA,NA,NA,NA,Terrestrial,
V-0472,2012,Ward,C,13-Aug-12,NA,NA,NA,NA,Macrophyte,
V-0473,2012,Ward,C,13-Aug-12,NA,NA,NA,NA,Terrestrial,
V-0474,2012,Ward,C,13-Aug-12,NA,NA,NA,NA,Macrophyte,
V-0475,2012,Ward,A,13-Aug-12,NA,NA,NA,NA,Terrestrial,
V-0476,2012,Ward,C,13-Aug-12,NA,NA,NA,NA,Terrestrial,
V-0477,2012,Ward,A,13-Aug-12,NA,NA,NA,NA,Macrophyte,
V-0478,2012,Ward,B,13-Aug-12,NA,NA,NA,NA,Terrestrial,
V-0479,2012,Ward,B,13-Aug-12,NA,NA,NA,NA,Terrestrial,
V-0480,2012,Ward,A,13-Aug-12,NA,NA,NA,NA,Terrestrial,
V-0481,2012,Ward,A,13-Aug-12,NA,NA,NA,NA,Macrophyte,
V-0482,2012,Ward,B,13-Aug-12,NA,NA,NA,NA,Macrophyte,
V-0483,2012,Ward,B,13-Aug-12,NA,NA,NA,NA,Macrophyte,
V-0484,2012,Ward,C,13-Aug-12,NA,NA,NA,NA,Macrophyte,
W-0084,2010,Ward,A,7-Jun-10,epi,surface,NA,NA,NA,NA
W-0085,2010,Ward,B,7-Jun-10,epi,surface,NA,NA,NA,NA
W-0086,2010,Ward,C,7-Jun-10,epi,surface,NA,NA,NA,NA
W-0087,2010,Ward,D,7-Jun-10,epi,surface,NA,NA,NA,NA
W-0088,2010,Ward,E,7-Jun-10,epi,surface,NA,NA,NA,NA
W-0089,2010,Ward,A,7-Jun-10,meta,2.5,NA,NA,NA,NA
W-0090,2010,Ward,B,7-Jun-10,meta,2.5,NA,NA,NA,NA
W-0091,2010,Ward,C,7-Jun-10,meta,2.5,NA,NA,NA,NA
W-0092,2010,Ward,D,7-Jun-10,meta,2.5,NA,NA,NA,NA
W-0093,2010,Ward,E,7-Jun-10,meta,2.5,NA,NA,NA,NA
W-0094,2010,Ward,E,7-Jun-10,littoral,surface,NA,NA,NA,NA
W-0095,2010,Ward,E,7-Jun-10,hypo,5.5-6?,NA,NA,NA,NA
W-0096,2010,Ward,A,23-Jun-10,epi,,NA,NA,NA,NA
W-0097,2010,Ward,B,23-Jun-10,epi,,NA,NA,NA,NA
W-0098,2010,Ward,C,23-Jun-10,epi,,NA,NA,NA,NA
W-0099,2010,Ward,D,23-Jun-10,epi,,NA,NA,NA,NA
W-0100,2010,Ward,E,23-Jun-10,epi,,NA,NA,NA,NA
W-0101,2010,Ward,A,23-Jun-10,meta,,NA,NA,NA,NA
W-0102,2010,Ward,B,23-Jun-10,meta,,NA,NA,NA,NA
W-0103,2010,Ward,C,23-Jun-10,meta,,NA,NA,NA,NA
W-0104,2010,Ward,D,23-Jun-10,meta,,NA,NA,NA,NA
W-0105,2010,Ward,E,23-Jun-10,meta,,NA,NA,NA,NA
W-0106,2010,Ward,E,23-Jun-10,littoral,,NA,NA,NA,NA
W-0107,2010,Ward,E,23-Jun-10,hypo,,NA,NA,NA,NA
W-0119,2010,Ward,A,21-Jul-10,epi,1,NA,NA,NA,NA
W-0120,2010,Ward,B,21-Jul-10,epi,1,NA,NA,NA,NA
W-0121,2010,Ward,C,21-Jul-10,epi,1,NA,NA,NA,NA
W-0122,2010,Ward,D,21-Jul-10,epi,1,NA,NA,NA,NA
W-0123,2010,Ward,E,21-Jul-10,epi,1,NA,NA,NA,NA
W-0124,2010,Ward,A,21-Jul-10,meta,2.5,NA,NA,NA,NA
W-0125,2010,Ward,B,21-Jul-10,meta,2.5,NA,NA,NA,NA
W-0126,2010,Ward,C,21-Jul-10,meta,2.5,NA,NA,NA,NA
W-0127,2010,Ward,D,21-Jul-10,meta,2.5,NA,NA,NA,NA
W-0128,2010,Ward,E,21-Jul-10,meta,2.5,NA,NA,NA,NA
W-0129,2010,Ward,E,21-Jul-10,littoral,0.5,NA,NA,NA,NA
W-0130,2010,Ward,E,21-Jul-10,hypo,6,NA,NA,NA,NA
W-0131,2010,Ward,A,18-Aug-10,epi,1,NA,NA,NA,NA
W-0132,2010,Ward,B,18-Aug-10,epi,1,NA,NA,NA,NA
W-0133,2010,Ward,C,18-Aug-10,epi,1,NA,NA,NA,NA
W-0134,2010,Ward,D,18-Aug-10,epi,1,NA,NA,NA,NA
W-0135,2010,Ward,E,18-Aug-10,epi,1,NA,NA,NA,NA
W-0136,2010,Ward,A,18-Aug-10,meta,2.5,NA,NA,NA,NA
W-0137,2010,Ward,B,18-Aug-10,meta,2.5,NA,NA,NA,NA
W-0138,2010,Ward,C,18-Aug-10,meta,2.5,NA,NA,NA,NA
W-0139,2010,Ward,D,18-Aug-10,meta,2.5,NA,NA,NA,NA
W-0140,2010,Ward,E,18-Aug-10,meta,2.5,NA,NA,NA,NA
W-0141,2010,Ward,E,18-Aug-10,littoral,0.5,NA,NA,NA,NA
W-0142,2010,Ward,E,18-Aug-10,hypo,6,NA,NA,NA,NA
W-0143,2012,Ward,A,19-Jun-12,Epi,0.5,NA,NA,NA,NA
W-0144,2012,Ward,A,19-Jun-12,Meta,1.5,NA,NA,NA,NA
W-0145,2012,Ward,B,19-Jun-12,Epi,0.5,NA,NA,NA,NA
W-0146,2012,Ward,B,19-Jun-12,Meta,1.5,NA,NA,NA,NA
W-0147,2012,Ward,C,19-Jun-12,Epi,0.5,NA,NA,NA,NA
W-0148,2012,Ward,C,19-Jun-12,Meta,1.5,NA,NA,NA,NA
W-0149,2012,Ward,A,17-Jul-12,Epi,0.5,NA,NA,NA,NA
W-0150,2012,Ward,A,17-Jul-12,Meta,1.5,NA,NA,NA,NA
W-0151,2012,Ward,B,17-Jul-12,Epi,0.5,NA,NA,NA,NA
W-0152,2012,Ward,B,17-Jul-12,Meta,1.5,NA,NA,NA,NA
W-0153,2012,Ward,C,17-Jul-12,Epi,0.5,NA,NA,NA,NA
W-0154,2012,Ward,C,17-Jul-12,Meta,1.5,NA,NA,NA,NA
W-0155,2012,Ward,A,14-Aug-12,Epi,0.5,NA,NA,NA,NA
W-0156,2012,Ward,A,14-Aug-12,Meta,1.5,NA,NA,NA,NA
W-0157,2012,Ward,B,14-Aug-12,Epi,0.5,NA,NA,NA,NA
W-0158,2012,Ward,B,14-Aug-12,Meta,1.5,NA,NA,NA,NA
W-0159,2012,Ward,C,14-Aug-12,Epi,0.5,NA,NA,NA,NA
W-0160,2012,Ward,C,14-Aug-12,Meta,1.5,NA,NA,NA,NA
Z-1109,2010,Ward,A,24-May-10,epi (0.5m),0.5,NA,NA,NA,NA
Z-1110,2010,Ward,B,24-May-10,epi (0.5m),0.5,NA,NA,NA,NA
Z-1111,2010,Ward,C,24-May-10,epi (0.5m),0.5,NA,NA,NA,NA
Z-1112,2010,Ward,D,24-May-10,epi (0.5m),0.5,NA,NA,NA,NA
Z-1113,2010,Ward,E,24-May-10,epi (0.5m),0.5,NA,NA,NA,NA
Z-1114,2010,Ward,A,24-May-10,meta (2.5 m),2.5,NA,NA,NA,NA
Z-1115,2010,Ward,B,24-May-10,meta (2.5 m),2.5,NA,NA,NA,NA
Z-1116,2010,Ward,C,24-May-10,meta (2.5 m),2.5,NA,NA,NA,NA
Z-1117,2010,Ward,D,24-May-10,meta (2.5 m),2.5,NA,NA,NA,NA
Z-1118,2010,Ward,E,24-May-10,meta (2.5 m),2.5,NA,NA,NA,NA
Z-1119,2010,Ward,A,4-Jun-10,Integrated,Integrated,NA,NA,NA,NA
Z-1120,2010,Ward,B,4-Jun-10,Integrated,Integrated,NA,NA,NA,NA
Z-1121,2010,Ward,C,4-Jun-10,Integrated,Integrated,NA,NA,NA,NA
Z-1122,2010,Ward,D,4-Jun-10,Integrated,Integrated,NA,NA,NA,NA
Z-1123,2010,Ward,E,4-Jun-10,Integrated,Integrated,NA,NA,NA,NA
Z-1124,2010,Ward,A,21-Jun-10,epi (1m),1,NA,NA,NA,NA
Z-1125,2010,Ward,B,21-Jun-10,epi (1m),1,NA,NA,NA,NA
Z-1126,2010,Ward,C,21-Jun-10,epi (1m),1,NA,NA,NA,NA
Z-1127,2010,Ward,D,21-Jun-10,epi (1m),1,NA,NA,NA,NA
Z-1128,2010,Ward,E,21-Jun-10,epi (1m),1,NA,NA,NA,NA
Z-1129,2010,Ward,A,21-Jun-10,meta (3m),3,NA,NA,NA,NA
Z-1130,2010,Ward,B,21-Jun-10,meta (2.25m),2.25,NA,NA,NA,NA
Z-1131,2010,Ward,C,21-Jun-10,meta (3m),3,NA,NA,NA,NA
Z-1132,2010,Ward,D,21-Jun-10,meta (3m),3,NA,NA,NA,NA
Z-1133,2010,Ward,E,21-Jun-10,meta (3m),3,NA,NA,NA,NA
Z-1134,2010,Ward,A,22-Jun-10,Integrated,Integrated,NA,NA,NA,NA
Z-1135,2010,Ward,B,22-Jun-10,Integrated,Integrated,NA,NA,NA,NA
Z-1136,2010,Ward,C,22-Jun-10,Integrated,Integrated,NA,NA,NA,NA
Z-1137,2010,Ward,D,22-Jun-10,Integrated,Integrated,NA,NA,NA,NA
Z-1138,2010,Ward,E,22-Jun-10,Integrated,Integrated,NA,NA,NA,NA
Z-1139,2010,Ward,A,19-Jul-10,epi,NA,NA,NA,NA,NA
Z-1140,2010,Ward,B,19-Jul-10,epi,NA,NA,NA,NA,NA
Z-1141,2010,Ward,C,19-Jul-10,epi,NA,NA,NA,NA,NA
Z-1142,2010,Ward,D,19-Jul-10,epi,NA,NA,NA,NA,NA
Z-1143,2010,Ward,E,19-Jul-10,epi,NA,NA,NA,NA,NA
Z-1144,2010,Ward,A,19-Jul-10,meta,NA,NA,NA,NA,NA
Z-1145,2010,Ward,B,19-Jul-10,meta,NA,NA,NA,NA,NA
Z-1146,2010,Ward,C,19-Jul-10,meta,NA,NA,NA,NA,NA
Z-1147,2010,Ward,D,19-Jul-10,meta,NA,NA,NA,NA,NA
Z-1148,2010,Ward,E,19-Jul-10,meta,NA,NA,NA,NA,NA
Z-1149,2010,Ward,A,22-Jul-10,Integrated,Integrated,NA,NA,NA,NA
Z-1150,2010,Ward,B,22-Jul-10,Integrated,Integrated,NA,NA,NA,NA
Z-1151,2010,Ward,C,22-Jul-10,Integrated,Integrated,NA,NA,NA,NA
Z-1152,2010,Ward,D,22-Jul-10,Integrated,Integrated,NA,NA,NA,NA
Z-1153,2010,Ward,E,22-Jul-10,Integrated,Integrated,NA,NA,NA,NA
Z-1154,2010,Ward,A,16-Aug-10,epi,NA,NA,NA,NA,NA
Z-1155,2010,Ward,B,16-Aug-10,epi,NA,NA,NA,NA,NA
Z-1156,2010,Ward,C,16-Aug-10,epi,NA,NA,NA,NA,NA
Z-1157,2010,Ward,D,16-Aug-10,epi,NA,NA,NA,NA,NA
Z-1158,2010,Ward,E,16-Aug-10,epi,NA,NA,NA,NA,NA
Z-1159,2010,Ward,A,16-Aug-10,meta,NA,NA,NA,NA,NA
Z-1160,2010,Ward,B,16-Aug-10,meta,NA,NA,NA,NA,NA
Z-1161,2010,Ward,C,16-Aug-10,meta,NA,NA,NA,NA,NA
Z-1162,2010,Ward,D,16-Aug-10,meta,NA,NA,NA,NA,NA
Z-1163,2010,Ward,E,16-Aug-10,meta,NA,NA,NA,NA,NA
Z-1164,2010,Ward,A,18-Aug-10,Integrated,Integrated,NA,NA,NA,NA
Z-1165,2010,Ward,B,18-Aug-10,Integrated,Integrated,NA,NA,NA,NA
Z-1166,2010,Ward,C,18-Aug-10,Integrated,Integrated,NA,NA,NA,NA
Z-1167,2010,Ward,D,18-Aug-10,Integrated,Integrated,NA,NA,NA,NA
Z-1168,2010,Ward,E,18-Aug-10,Integrated,Integrated,NA,NA,NA,NA
Z-1169,2012,Ward,A,18-Jun-12,Integrated,0-4,NA,NA,NA,NA
Z-1170,2012,Ward,B,18-Jun-12,Integrated,0-4,NA,NA,NA,NA
Z-1171,2012,Ward,C,18-Jun-12,Integrated,0-4,NA,NA,NA,NA
Z-1172,2012,Ward,A,19-Jun-12,Epi,0.5,NA,NA,NA,NA
Z-1173,2012,Ward,A,19-Jun-12,Meta,1.5,NA,NA,NA,NA
Z-1174,2012,Ward,B,19-Jun-12,Epi,0.5,NA,NA,NA,NA
Z-1175,2012,Ward,B,19-Jun-12,Meta,1.5,NA,NA,NA,NA
Z-1176,2012,Ward,C,19-Jun-12,Epi,0.5,NA,NA,NA,NA
Z-1177,2012,Ward,C,19-Jun-12,Meta,1.5,NA,NA,NA,NA
Z-1178,2012,Ward,A,19-Jun-12,Meta,1.5,NA,NA,NA,NA
Z-1179,2012,Ward,B,19-Jun-12,Meta,1.5,NA,NA,NA,NA
Z-1180,2012,Ward,C,19-Jun-12,Meta,1.5,NA,NA,NA,NA
Z-1181,2012,Ward,A,16-Jul-12,Integrated,0-4,NA,NA,NA,NA
Z-1182,2012,Ward,B,16-Jul-12,Integrated,0-4,NA,NA,NA,NA
Z-1183,2012,Ward,C,16-Jul-12,Integrated,0-4,NA,NA,NA,NA
Z-1184,2012,Ward,A,17-Jul-12,Meta,1.5,NA,NA,NA,NA
Z-1185,2012,Ward,A,17-Jul-12,Meta,1.5,NA,NA,NA,NA
Z-1186,2012,Ward,B,17-Jul-12,Meta,1.5,NA,NA,NA,NA
Z-1187,2012,Ward,B,17-Jul-12,Meta,1.5,NA,NA,NA,NA
Z-1188,2012,Ward,C,17-Jul-12,Meta,1.5,NA,NA,NA,NA
Z-1189,2012,Ward,C,17-Jul-12,Meta,1.5,NA,NA,NA,NA
Z-1190,2012,Ward,A,17-Jul-12,Epi,0.5,NA,NA,NA,NA
Z-1191,2012,Ward,B,17-Jul-12,Epi,0.5,NA,NA,NA,NA
Z-1192,2012,Ward,C,17-Jul-12,Epi,0.5,NA,NA,NA,NA
Z-1193,2012,Ward,A,15-Aug-12,Integrated,0-4,NA,NA,NA,NA
Z-1194,2012,Ward,B,15-Aug-12,Integrated,0-4,NA,NA,NA,NA
Z-1195,2012,Ward,C,15-Aug-12,Integrated,0-4,NA,NA,NA,NA
Z-1196,2012,Ward,A,15-Aug-12,Meta,2,NA,NA,NA,NA
Z-1197,2012,Ward,A,15-Aug-12,Meta,2,NA,NA,NA,NA
Z-1198,2012,Ward,B,15-Aug-12,Meta,2,NA,NA,NA,NA
Z-1199,2012,Ward,B,15-Aug-12,Meta,2,NA,NA,NA,NA
Z-1200,2012,Ward,C,15-Aug-12,Meta,2,NA,NA,NA,NA
Z-1201,2012,Ward,C,15-Aug-12,Meta,2,NA,NA,NA,NA
Z-1202,2012,Ward,A,15-Aug-12,Epi,0.5,NA,NA,NA,NA
Z-1203,2012,Ward,B,15-Aug-12,Epi,0.5,NA,NA,NA,NA
Z-1204,2012,Ward,C,15-Aug-12,Epi,0.5,NA,NA,NA,NA
