"","SampleID","dD","Year","Lake","Site","CollectionDate","Location","Depth","Taxon","N","Length","Weight","Tissue","GutID","FishID","VolumeFiltered","Isotopes","Type","Comments"
"1","A-0315",-209.9,2012,"Ward","A","16-Jul-12",NA,"0.1",NA,NA,NA,NA,NA,NA,NA,NA,NA,NA,NA
"2","A-0316",-204.9,2012,"Ward","B","16-Jul-12",NA,"0.1",NA,NA,NA,NA,NA,NA,NA,NA,NA,NA,NA
"3","A-0317",-213,2012,"Ward","C","16-Jul-12",NA,"0.1",NA,NA,NA,NA,NA,NA,NA,NA,NA,NA,NA
"4","A-0318",-208,2012,"Ward","A","13-Aug-12",NA,"0.1",NA,NA,NA,NA,NA,NA,NA,NA,NA,NA,NA
"5","A-0319",-199.8,2012,"Ward","B","13-Aug-12",NA,"0.1",NA,NA,NA,NA,NA,NA,NA,NA,NA,NA,NA
"6","A-0320",-205.2,2012,"Ward","C","13-Aug-12",NA,"0.1",NA,NA,NA,NA,NA,NA,NA,NA,NA,NA,NA
"7","B-0870",-170.9,2012,"Ward","A","18-Jun-12",NA,"0","Helisoma trivolvis","5",NA,NA,NA,NA,NA,NA,NA,NA,NA
"8","B-0871",-175.3,2012,"Ward","B","18-Jun-12",NA,"0","Helisoma trivolvis","4",NA,NA,NA,NA,NA,NA,NA,NA,NA
"9","B-0873",-148.5,2012,"Ward","A","16-Jul-12",NA,"0","Helisoma trivolvis","6",NA,NA,NA,NA,NA,NA,NA,NA,NA
"10","B-0874",-151,2012,"Ward","B","16-Jul-12",NA,"0","Helisoma trivolvis","3",NA,NA,NA,NA,NA,NA,NA,NA,NA
"11","B-0876",-159.4,2012,"Ward","A","13-Aug-12",NA,"0","Helisoma trivolvis",NA,NA,NA,NA,NA,NA,NA,NA,NA,NA
"12","B-0877",-149.2,2012,"Ward","B","13-Aug-12",NA,"0","Helisoma trivolvis",NA,NA,NA,NA,NA,NA,NA,NA,NA,NA
"13","F-0976",-154.5,2010,"Ward","B","26-May-10",NA,NA,"CMM",NA,63,2.6,"Whole","G-0699",NA,NA,NA,NA,NA
"14","F-0977",-146.7,2010,"Ward","B","26-May-10",NA,NA,"CMM",NA,73,3,"Whole","G-0700",NA,NA,NA,NA,NA
"15","F-0978",-193.1,2010,"Ward","B","26-May-10",NA,NA,"FHM",NA,72,5.2,"Whole","G-0701",NA,NA,NA,NA,NA
"16","F-0981",-199.2,2010,"Ward","B","26-May-10",NA,NA,"DAC",NA,66,3.8,"Whole","G-0704",NA,NA,NA,NA,NA
"17","F-0992",-195.9,2010,"Ward","C","26-May-10",NA,NA,"FHM",NA,71,5.1,"Whole","G-0715",NA,NA,NA,NA,NA
"18","F-0996",-193.3,2010,"Ward","E","26-May-10",NA,NA,"FHM",NA,75,6.3,"Whole","G-0719",NA,NA,NA,NA,NA
"19","F-0999",-191.9,2010,"Ward","A","26-May-10",NA,NA,"FHM",NA,75,5.9,"Whole","G-0722",NA,NA,NA,NA,NA
"20","F-1003",-182.9,2010,"Ward","A","26-May-10",NA,NA,"DAC",NA,56,2.1,"Whole","G-0726",NA,NA,NA,NA,NA
"21","F-1009",-184.9,2010,"Ward","D","26-May-10",NA,NA,"DAC",NA,60,2.6,"Whole","G-0732",NA,NA,NA,NA,NA
"22","F-1011",-196.7,2010,"Ward","D","26-May-10",NA,NA,"FHM",NA,75,5.6,"Whole","G-0734",NA,NA,NA,NA,NA
"23","F-1012",-192.4,2010,"Ward","D","26-May-10",NA,NA,"FHM",NA,76,5.5,"Whole","G-0735",NA,NA,NA,NA,NA
"24","F-1013",-167.6,2010,"Ward","D","26-May-10",NA,NA,"DAC",NA,82,6.5,"Whole","G-0736",NA,NA,NA,NA,NA
"25","F-1016",-175.3,2010,"Ward","D","26-May-10",NA,NA,"DAC",NA,55,2,"Whole","G-0739",NA,NA,NA,NA,NA
"26","F-1018",-171.6,2010,"Ward","D","26-May-10",NA,NA,"DAC",NA,54,1.8,"Whole","G-0741",NA,NA,NA,NA,NA
"27","F-1025",-168.8,2010,"Ward","B","24-Jun-10",NA,NA,"DAC",NA,66,2.849,"Whole","G-0748",NA,NA,NA,NA,NA
"28","F-1026",-177,2010,"Ward","B","24-Jun-10",NA,NA,"DAC",NA,67,2.776,"Whole","G-0749",NA,NA,NA,NA,NA
"29","F-1034",-181.7,2010,"Ward","D","24-Jun-10",NA,NA,"DAC",NA,56,1.584,"Whole","G-0783",NA,NA,NA,NA,NA
"30","F-1035",-190.7,2010,"Ward","E","24-Jun-10",NA,NA,"DAC",NA,61,3.802,"Whole","G-0758",NA,NA,NA,NA,NA
"31","F-1036",-192.2,2010,"Ward","E","24-Jun-10",NA,NA,"DAC",NA,66,2.597,"Whole","G-0759",NA,NA,NA,NA,NA
"32","F-1037",-188.1,2010,"Ward","E","24-Jun-10",NA,NA,"DAC",NA,58,1.975,"Whole","G-0760",NA,NA,NA,NA,NA
"33","F-1042",-151.8,2010,"Ward","A","21-Jul-10",NA,NA,"CMM",NA,59,2.196,"Whole","G-0745",NA,NA,NA,NA,NA
"34","F-1043",-142.7,2010,"Ward","A","21-Jul-10",NA,NA,"CMM",NA,77,5.148,"Whole","G-0746",NA,NA,NA,NA,NA
"35","F-1044",-158.9,2010,"Ward","A","21-Jul-10",NA,NA,"CMM",NA,69,4.218,"Whole","G-0767",NA,NA,NA,NA,NA
"36","F-1045",-167.2,2010,"Ward","E","21-Jul-10",NA,NA,"CMM",NA,59,2.3,"Whole","G-0802",NA,NA,NA,NA,NA
"37","F-1046",-143.1,2010,"Ward","E","21-Jul-10",NA,NA,"CMM",NA,64,3.1,"Whole","G-0803",NA,NA,NA,NA,NA
"38","F-1054",-169.8,2010,"Ward","X","21-Jul-10",NA,NA,"BHD",NA,180,70.85,"Whole","G-0777",NA,NA,NA,NA,NA
"39","F-1055",-161.4,2010,"Ward","B","22-Jul-10",NA,NA,"CMM",NA,93,10.65,"Whole","G-0787",NA,NA,NA,NA,NA
"40","F-1065",-159.1,2010,"Ward","B","18-Aug-10",NA,NA,"BHD",NA,64,4,"Whole","G-0779",NA,NA,NA,NA,NA
"41","F-1071",-156.6,2010,"Ward","B","18-Aug-10",NA,NA,"BHD",NA,60,3,"Whole","G-0794",NA,NA,NA,NA,NA
"42","F-1072",-168,2010,"Ward","B","18-Aug-10",NA,NA,"BHD",NA,51,1.9,"Whole","G-0795",NA,NA,NA,NA,NA
"43","F-1073",-165.9,2010,"Ward","B","18-Aug-10",NA,NA,"BHD",NA,55,2.3,"Whole","G-0796",NA,NA,NA,NA,NA
"44","F-1074",-180.5,2010,"Ward","B","18-Aug-10",NA,NA,"BHD",NA,52,2.2,"Whole","G-0797",NA,NA,NA,NA,NA
"45","F-1081",-169,2010,"Ward","E","18-Aug-10",NA,NA,"BHD",NA,61,3.1,"Whole","G-0804",NA,NA,NA,NA,NA
"46","F-1083",-134.4,2010,"Ward","X","18-Aug-10",NA,NA,"CMM",NA,86,6.8,"Whole","G-0771",NA,NA,NA,NA,NA
"47","F-1084",-158.4,2010,"Ward","X","18-Aug-10",NA,NA,"BHD",NA,63,3.8,"Whole","G-0744",NA,NA,NA,NA,NA
"48","F-1095",-184.5,2012,"Ward","C","20-Jun-12",NA,NA,"DAC",NA,57,1.7,"Whole",NA,NA,NA,NA,NA,NA
"49","F-1123",-207.4,2012,"Ward","C","20-Jun-12",NA,NA,"FHM",NA,81,6.3,"Whole",NA,NA,NA,NA,NA,NA
"50","F-1124",-245.3,2012,"Ward","C","20-Jun-12",NA,NA,"FHM",NA,NA,NA,"Guts",NA,"F-1123",NA,NA,NA,NA
"51","F-1131",-179.2,2012,"Ward","C","20-Jun-12",NA,NA,"CMM",NA,57,1.9,"Whole",NA,NA,NA,NA,NA,NA
"52","F-1133",-170.1,2012,"Ward","C","20-Jun-12",NA,NA,"BHD",NA,95,12.8,"Whole",NA,NA,NA,NA,NA,NA
"53","F-1143",-168.6,2012,"Ward","B","20-Jun-12",NA,NA,"DAC",NA,47,1.1,"Whole",NA,NA,NA,NA,NA,NA
"54","F-1161",-155,2012,"Ward","B","20-Jun-12",NA,NA,"CMM",NA,53,1.6,"Whole",NA,NA,NA,NA,NA,NA
"55","F-1163",-162.8,2012,"Ward","B","20-Jun-12",NA,NA,"DAC",NA,57,1.7,"Whole",NA,NA,NA,NA,NA,NA
"56","F-1173",-191.5,2012,"Ward","B","20-Jun-12",NA,NA,"DAC",NA,49,1,"Whole",NA,NA,NA,NA,NA,NA
"57","F-1177",-153.1,2012,"Ward","B","20-Jun-12",NA,NA,"BHD",NA,104,13.1,"Whole",NA,NA,NA,NA,NA,NA
"58","F-1185",-172.5,2012,"Ward","C","20-Jun-12",NA,NA,"CMM",NA,63,2.6,"Whole",NA,NA,NA,NA,NA,NA
"59","F-1189",-126.6,2012,"Ward","A","20-Jun-12",NA,NA,"CMM",NA,87,5.5,"Whole",NA,NA,NA,NA,NA,NA
"60","F-1205",-193.5,2012,"Ward","A","20-Jun-12",NA,NA,"FHM",NA,82,7.3,"Whole",NA,NA,NA,NA,NA,NA
"61","F-1206",-205.7,2012,"Ward","A","20-Jun-12",NA,NA,"FHM",NA,NA,NA,"Guts",NA,"F-1205",NA,NA,NA,NA
"62","F-1209",-161.7,2012,"Ward","A","20-Jun-12",NA,NA,"CMM",NA,87,7.2,"Whole",NA,"",NA,NA,NA,NA
"63","F-1229",-175.3,2012,"Ward","A","20-Jun-12",NA,NA,"FHM",NA,87,7,"Whole",NA,"",NA,NA,NA,NA
"64","F-1233",-189.9,2012,"Ward","B","20-Jun-12",NA,NA,"PKS",NA,81,10.9,"Whole",NA,"",NA,NA,NA,NA
"65","F-1240",-160.9,2012,"Ward","A","17-Jul-12",NA,NA,"BHD",NA,126,23,"Whole",NA,"",NA,NA,NA,NA
"66","F-1242",-154.5,2012,"Ward","A","17-Jul-12",NA,NA,"BHD",NA,140,35.4,"Whole",NA,"",NA,NA,NA,NA
"67","F-1244",-156,2012,"Ward","A","17-Jul-12",NA,NA,"BHD",NA,147,35.1,"Whole",NA,"",NA,NA,NA,NA
"68","F-1246",-164.6,2012,"Ward","A","17-Jul-12",NA,NA,"CMM",NA,94,8.8,"Whole",NA,"",NA,NA,NA,NA
"69","F-1260",-161.7,2012,"Ward","B","17-Jul-12",NA,NA,"DAC",NA,59,1.6,"Whole",NA,"",NA,NA,NA,NA
"70","F-1262",-163.1,2012,"Ward","B","17-Jul-12",NA,NA,"DAC",NA,58,1.8,"Whole",NA,"",NA,NA,NA,NA
"71","F-1268",-188.9,2012,"Ward","C","17-Jul-12",NA,NA,"FHM",NA,49,1.1,"Whole",NA,"",NA,NA,NA,NA
"72","F-1270",-166.9,2012,"Ward","C","17-Jul-12",NA,NA,"FHM",NA,49,1,"Whole",NA,"",NA,NA,NA,NA
"73","F-1272",-188.5,2012,"Ward","C","17-Jul-12",NA,NA,"FHM",NA,81,5.7,"Whole",NA,"",NA,NA,NA,NA
"74","F-1273",-227,2012,"Ward","C","17-Jul-12",NA,NA,"FHM",NA,NA,NA,"Guts",NA,"F-1272",NA,NA,NA,NA
"75","F-1274",-165.6,2012,"Ward","C","17-Jul-12",NA,NA,"FHM",NA,50,1.2,"Whole",NA,"",NA,NA,NA,NA
"76","F-1280",-149.8,2012,"Ward","C","17-Jul-12",NA,NA,"CMM",NA,43,0.9,"Whole",NA,"",NA,NA,NA,NA
"77","F-1288",-164.8,2012,"Ward","C","17-Jul-12",NA,NA,"BHD",NA,114,17.8,"Whole",NA,"",NA,NA,NA,NA
"78","F-1290",-170.9,2012,"Ward","C","17-Jul-12",NA,NA,"BHD",NA,103,14,"Whole",NA,"",NA,NA,NA,NA
"79","F-1292",-177,2012,"Ward","C","17-Jul-12",NA,NA,"BHD",NA,93,10.4,"Whole",NA,"",NA,NA,NA,NA
"80","F-1300",-186.3,2012,"Ward","C","18-Jul-12",NA,NA,"DAC",NA,58,1.8,"Whole",NA,"",NA,NA,NA,NA
"81","F-1302",-164.8,2012,"Ward","C","18-Jul-12",NA,NA,"DAC",NA,49,1.2,"Whole",NA,"",NA,NA,NA,NA
"82","F-1312",-162.5,2012,"Ward","A","18-Jul-12",NA,NA,"DAC",NA,46,0.8,"Whole",NA,"",NA,NA,NA,NA
"83","F-1316",-150.1,2012,"Ward","A","18-Jul-12",NA,NA,"CMM",NA,94,7.3,"Whole",NA,"",NA,NA,NA,NA
"84","F-1320",-160.6,2012,"Ward","B","18-Jul-12",NA,NA,"FHM",NA,52,1.5,"Whole",NA,"",NA,NA,NA,NA
"85","F-1322",-152,2012,"Ward","B","18-Jul-12",NA,NA,"CMM",NA,89,8,"Whole",NA,"",NA,NA,NA,NA
"86","F-1328",-154.3,2012,"Ward","B","18-Jul-12",NA,NA,"FHM",NA,82,4.8,"Whole",NA,"",NA,NA,NA,NA
"87","F-1329",-181.4,2012,"Ward","B","18-Jul-12",NA,NA,"FHM",NA,NA,NA,"Guts",NA,"F-1328",NA,NA,NA,NA
"88","F-1338",-156.2,2012,"Ward","A","18-Jul-12",NA,NA,"YWP",NA,79,5,"Whole",NA,"",NA,NA,NA,NA
"89","F-1354",-142.8,2012,"Ward","A","14-Aug-12",NA,NA,"BHD",NA,148,44,"Whole",NA,"",NA,NA,NA,NA
"90","F-1356",-150.1,2012,"Ward","A","14-Aug-12",NA,NA,"CMM",NA,93,8.7,"Whole",NA,"",NA,NA,NA,NA
"91","F-1358",-140.6,2012,"Ward","A","14-Aug-12",NA,NA,"CMM",NA,49,1.4,"Whole",NA,"",NA,NA,NA,NA
"92","F-1360",-142.8,2012,"Ward","A","14-Aug-12",NA,NA,"BHD",NA,48,1.8,"Whole",NA,"",NA,NA,NA,NA
"93","F-1364",-151.8,2012,"Ward","A","14-Aug-12",NA,NA,"CMM",NA,62,3.2,"Whole",NA,"",NA,NA,NA,NA
"94","F-1366",-147.7,2012,"Ward","A","14-Aug-12",NA,NA,"BHD",NA,53,1.9,"Whole",NA,"",NA,NA,NA,NA
"95","F-1372",-148,2012,"Ward","B","14-Aug-12",NA,NA,"DAC",NA,45,0.9,"Whole",NA,"",NA,NA,NA,NA
"96","F-1374",-149.1,2012,"Ward","B","14-Aug-12",NA,NA,"BHD",NA,52,1.8,"Whole",NA,"",NA,NA,NA,NA
"97","F-1376",-164.9,2012,"Ward","B","14-Aug-12",NA,NA,"BHD",NA,130,29.7,"Whole",NA,"",NA,NA,NA,NA
"98","F-1381",-279.8,2012,"Ward","B","14-Aug-12",NA,NA,"DAC",NA,NA,NA,"Guts",NA,"F-1380",NA,NA,NA,NA
"99","F-1382",-155.2,2012,"Ward","C","14-Aug-12",NA,NA,"FHM",NA,46,0.9,"Whole",NA,"",NA,NA,NA,NA
"100","F-1384",-147.4,2012,"Ward","C","14-Aug-12",NA,NA,"FHM",NA,51,1,"Whole",NA,"",NA,NA,NA,NA
"101","F-1386",-173.7,2012,"Ward","C","14-Aug-12",NA,NA,"FHM",NA,52,1.1,"Whole",NA,"",NA,NA,NA,NA
"102","F-1388",-165.5,2012,"Ward","C","14-Aug-12",NA,NA,"DAC",NA,48,0.8,"Whole",NA,"",NA,NA,NA,NA
"103","F-1390",-146.8,2012,"Ward","C","14-Aug-12",NA,NA,"BHD",NA,52,1.7,"Whole",NA,"",NA,NA,NA,NA
"104","F-1392",-187.5,2012,"Ward","C","14-Aug-12",NA,NA,"FHM",NA,83,5.9,"Whole",NA,"",NA,NA,NA,NA
"105","F-1393",-237.1,2012,"Ward","C","14-Aug-12",NA,NA,"FHM",NA,NA,NA,"Guts",NA,"F-1392",NA,NA,NA,NA
"106","F-1394",-180.7,2012,"Ward","C","14-Aug-12",NA,NA,"FHM",NA,85,6,"Whole",NA,"",NA,NA,NA,NA
"107","F-1395",-200.6,2012,"Ward","C","14-Aug-12",NA,NA,"FHM",NA,NA,NA,"Guts",NA,"F-1394",NA,NA,NA,NA
"108","F-1400",-160.4,2012,"Ward","C","14-Aug-12",NA,NA,"PKS",NA,41,1,"Whole",NA,"",NA,NA,NA,NA
"109","F-1402",-152,2012,"Ward","C","14-Aug-12",NA,NA,"BHD",NA,49,1.5,"Whole",NA,"",NA,NA,NA,NA
"110","F-1406",-179.8,2012,"Ward","C","14-Aug-12",NA,NA,"DAC",NA,73,3.3,"Whole",NA,"",NA,NA,NA,NA
"111","F-1416",-178.3,2012,"Ward","A","15-Aug-12",NA,NA,"PKS",NA,60,4.1,"Whole",NA,"",NA,NA,NA,NA
"112","F-1422",-181.4,2012,"Ward","A","16-Aug-12",NA,NA,"PKS",NA,64,4.6,"Whole",NA,"",NA,NA,NA,NA
"113","G-0702",-199.6,2010,"Ward","B","26-May-10",NA,NA,"FHM",NA,NA,NA,"Guts",NA,NA,NA,NA,NA,NA
"114","G-0714",-227.7,2010,"Ward","C","26-May-10",NA,NA,"FHM",NA,NA,NA,"Guts",NA,NA,NA,NA,NA,NA
"115","G-0717",-216,2010,"Ward","E","26-May-10",NA,NA,"FHM",NA,NA,NA,"Guts",NA,NA,NA,NA,NA,NA
"116","G-0761",-190.4,2010,"Ward","E","24-Jun-10",NA,NA,"FHM",NA,NA,NA,"Guts",NA,NA,NA,NA,NA,NA
"117","G-0801",-218.6,2010,"Ward","D","18-Aug-10",NA,NA,"YWP",NA,NA,NA,"Guts",NA,NA,NA,NA,NA,NA
"118","O-0375",-114.6,2010,"Ward","A","20-Aug-10","Epi",NA,NA,NA,NA,NA,NA,NA,NA,NA,NA,NA,NA
"119","O-0377",-115.2,2010,"Ward","C","20-Aug-10","Epi",NA,NA,NA,NA,NA,NA,NA,NA,NA,NA,NA,NA
"120","O-0380",-109.5,2010,"Ward","A","20-Aug-10","Meta",NA,NA,NA,NA,NA,NA,NA,NA,NA,NA,NA,NA
"121","O-0382",NA,2010,"Ward","C","20-Aug-10","Meta",NA,NA,NA,NA,NA,NA,NA,NA,NA,NA,NA,NA
"122","O-0389",-157.7,2012,"Ward","B","19-Jun-12","Epi","0.5",NA,NA,NA,NA,NA,NA,NA,NA,NA,NA,NA
"123","O-0390",-154.7,2012,"Ward","B","19-Jun-12","Meta","1.5",NA,NA,NA,NA,NA,NA,NA,NA,NA,NA,NA
"124","O-0395",-154.4,2012,"Ward","B","17-Jul-12","Epi","0.5",NA,NA,NA,NA,NA,NA,NA,NA,NA,NA,NA
"125","O-0396",-163.2,2012,"Ward","B","17-Jul-12","Meta","1.5",NA,NA,NA,NA,NA,NA,NA,NA,NA,NA,NA
"126","O-0401",-156.8,2012,"Ward","B","15-Aug-12","Epi","0.5",NA,NA,NA,NA,NA,NA,NA,NA,NA,NA,NA
"127","O-0402",-154.3,2012,"Ward","B","15-Aug-12","Meta","2",NA,NA,NA,NA,NA,NA,NA,NA,NA,NA,NA
"128","O-0405",-65.4,2012,"Aquashade",NA,"15-Jul-12",NA,NA,NA,NA,NA,NA,NA,NA,NA,NA,NA,NA,NA
"129","P-1138",-170.6,2010,"Ward","C","24-May-10","Epi","Epi",NA,NA,NA,NA,NA,NA,NA,"~2L","dD; 0.91 mg","",NA
"130","P-1139",-185.5,2010,"Ward","D","24-May-10","Epi","Epi",NA,NA,NA,NA,NA,NA,NA,"~2L","dD; 1.06 mg","",NA
"131","P-1140",-152.4,2010,"Ward","E","24-May-10","Epi","Epi",NA,NA,NA,NA,NA,NA,NA,"~2L","dD; 0.66 mg","",NA
"132","P-1143",-176.6,2010,"Ward","C","24-May-10","Meta","Meta",NA,NA,NA,NA,NA,NA,NA,"~2L","dD; 1.57 mg","",NA
"133","P-1144",-169.7,2010,"Ward","D","24-May-10","Meta","Meta",NA,NA,NA,NA,NA,NA,NA,"~2L","dD; 0.78 mg","",NA
"134","P-1145",-159.8,2010,"Ward","E","24-May-10","Meta","Meta",NA,NA,NA,NA,NA,NA,NA,"~2L","dD; 0.75 mg","",NA
"135","P-1160",-202.2,2010,"Ward","A","24-Jun-10","Epi","Epi (1m)",NA,NA,NA,NA,NA,NA,NA,"","dD; 3.93 mg","",NA
"136","P-1163",-185.1,2010,"Ward","D","24-Jun-10","Epi","Epi (1m)",NA,NA,NA,NA,NA,NA,NA,"","dD; 3.05 mg","",NA
"137","P-1165",NA,2010,"Ward","A","24-Jun-10","Meta","Meta (3.5m)",NA,NA,NA,NA,NA,NA,NA,"","dD; 7.23 mg","",NA
"138","P-1168",-210.9,2010,"Ward","D","24-Jun-10","Meta","Meta (3.5m)",NA,NA,NA,NA,NA,NA,NA,"","dD; 5.15 mg","",NA
"139","P-1170",-189.7,2010,"Ward","E","24-Jun-10","Littoral","Littoral (0.5m)",NA,NA,NA,NA,NA,NA,NA,"","dD; 3.79 mg","",NA
"140","P-1184",-202.1,2010,"Ward","A","19-Jul-10","Epi","Epi",NA,NA,NA,NA,NA,NA,NA,"","dD; 1.86 mg","",NA
"141","P-1185",-209.9,2010,"Ward","B","19-Jul-10","Epi","Epi",NA,NA,NA,NA,NA,NA,NA,"~3L","dD; 1.79 mg","",NA
"142","P-1186",-205.2,2010,"Ward","C","19-Jul-10","Epi","Epi",NA,NA,NA,NA,NA,NA,NA,"~3L","dD; 3.85 mg","",NA
"143","P-1187",-207.6,2010,"Ward","D","19-Jul-10","Epi","Epi",NA,NA,NA,NA,NA,NA,NA,"~3L","dD; 3.81 mg","",NA
"144","P-1188",-210.5,2010,"Ward","E","19-Jul-10","Epi","Epi",NA,NA,NA,NA,NA,NA,NA,"~3L","dD; 3.73 mg","",NA
"145","P-1189",-210,2010,"Ward","A","19-Jul-10","Meta","Meta",NA,NA,NA,NA,NA,NA,NA,"~3L","dD; 5.37 mg","",NA
"146","P-1190",-204.8,2010,"Ward","B","19-Jul-10","Meta","Meta",NA,NA,NA,NA,NA,NA,NA,"~3L","dD; 4.89 mg","",NA
"147","P-1191",-219.8,2010,"Ward","C","19-Jul-10","Meta","Meta",NA,NA,NA,NA,NA,NA,NA,"~3L","dD; 5.95 mg","",NA
"148","P-1192",-219.5,2010,"Ward","D","19-Jul-10","Meta","Meta",NA,NA,NA,NA,NA,NA,NA,"~3L","dD; 8.09 mg","",NA
"149","P-1193",-224.4,2010,"Ward","E","19-Jul-10","Meta","Meta",NA,NA,NA,NA,NA,NA,NA,"~3L","dD; 7.68 mg","",NA
"150","P-1196",-201.9,2010,"Ward","A","19-Aug-10","Epi","Epi (1m)",NA,NA,NA,NA,NA,NA,NA,"","dD","",NA
"151","P-1199",-207.4,2010,"Ward","D","19-Aug-10","Epi","Epi (1m)",NA,NA,NA,NA,NA,NA,NA,"","dD","",NA
"152","P-1201",-203.2,2010,"Ward","A","19-Aug-10","Meta","Meta (2.5m)",NA,NA,NA,NA,NA,NA,NA,"","dD","",NA
"153","P-1204",-198.1,2010,"Ward","D","19-Aug-10","Meta","Meta (2.5m)",NA,NA,NA,NA,NA,NA,NA,"","dD","",NA
"154","P-1238",-168.7,2012,"Ward","A","19-Jun-12","Epi","0.5",NA,NA,NA,NA,NA,NA,NA,"","dD","",NA
"155","P-1239",-163.9,2012,"Ward","A","19-Jun-12","Meta","1.5",NA,NA,NA,NA,NA,NA,NA,"","dD","",NA
"156","P-1240",-169.7,2012,"Ward","B","19-Jun-12","Epi","0.5",NA,NA,NA,NA,NA,NA,NA,"","dD","",NA
"157","P-1241",-159.5,2012,"Ward","B","19-Jun-12","Meta","1.5",NA,NA,NA,NA,NA,NA,NA,"","dD","",NA
"158","P-1242",-172.4,2012,"Ward","C","19-Jun-12","Epi","0.5",NA,NA,NA,NA,NA,NA,NA,"","dD","",NA
"159","P-1243",-169.4,2012,"Ward","C","19-Jun-12","Meta","1.5",NA,NA,NA,NA,NA,NA,NA,"","dD","",NA
"160","P-1244",-187.2,2012,"Ward","A","17-Jul-12","Epi","0.5",NA,NA,NA,NA,NA,NA,NA,"","dD","",NA
"161","P-1245",-172.7,2012,"Ward","A","17-Jul-12","Meta","1.5",NA,NA,NA,NA,NA,NA,NA,"","dD","",NA
"162","P-1246",-181,2012,"Ward","B","17-Jul-12","Epi","0.5",NA,NA,NA,NA,NA,NA,NA,"","dD","",NA
"163","P-1247",-156.9,2012,"Ward","B","17-Jul-12","Meta","1.5",NA,NA,NA,NA,NA,NA,NA,"","dD","",NA
"164","P-1248",-175.3,2012,"Ward","C","17-Jul-12","Epi","0.5",NA,NA,NA,NA,NA,NA,NA,"","dD","",NA
"165","P-1249",-192,2012,"Ward","C","17-Jul-12","Meta","1.5",NA,NA,NA,NA,NA,NA,NA,"","dD","",NA
"166","P-1256",-174.8,2012,"Ward","A","14-Aug-12","Epi","0.5",NA,NA,NA,NA,NA,NA,NA,"","dD","",NA
"167","P-1257",-171.5,2012,"Ward","A","14-Aug-12","Meta","2",NA,NA,NA,NA,NA,NA,NA,"","dD","",NA
"168","P-1258",-171.7,2012,"Ward","B","14-Aug-12","Epi","0.5",NA,NA,NA,NA,NA,NA,NA,"","dD","",NA
"169","P-1259",-159.5,2012,"Ward","B","14-Aug-12","Meta","2",NA,NA,NA,NA,NA,NA,NA,"","dD","",NA
"170","P-1260",-163.4,2012,"Ward","C","14-Aug-12","Epi","0.5",NA,NA,NA,NA,NA,NA,NA,"","dD","",NA
"171","P-1260",-200.6,2012,"Ward","C","14-Aug-12","Epi","0.5",NA,NA,NA,NA,NA,NA,NA,"","dD","",NA
"172","P-1261",-161.4,2012,"Ward","C","14-Aug-12","Meta","2",NA,NA,NA,NA,NA,NA,NA,"","dD","",NA
"173","V-0414",-142.8,2012,"Ward","C","18-Jun-12",NA,NA,"Najas flexilis",NA,NA,NA,NA,NA,NA,NA,NA,"Macrophyte",""
"174","V-0417",-141.2,2012,"Ward","B","16-Jul-12",NA,NA,"Nymphaea odorata",NA,NA,NA,NA,NA,NA,NA,NA,"Macrophyte",""
"175","V-0420",-145.8,2012,"Ward","B","16-Jul-12",NA,NA,"Nuphar variegata",NA,NA,NA,NA,NA,NA,NA,NA,"Macrophyte",""
"176","V-0423",-135.5,2012,"Ward","B","16-Jul-12",NA,NA,"Potamogeton pusillus",NA,NA,NA,NA,NA,NA,NA,NA,"Macrophyte",""
"177","V-0426",-140.6,2012,"Ward","B","16-Jul-12",NA,NA,"Brasenia schreberi",NA,NA,NA,NA,NA,NA,NA,NA,"Macrophyte",""
"178","V-0434",-172.6,2012,"Ward","A","16-Jul-12",NA,NA,"Tamarack",NA,NA,NA,NA,NA,NA,NA,NA,"Terrestrial",""
"179","V-0436",-130.6,2012,"Ward","B","16-Jul-12",NA,NA,"Potamogeton amplifolius",NA,NA,NA,NA,NA,NA,NA,NA,"Macrophyte",""
"180","V-0439",-131.1,2012,"Ward","B","16-Jul-12",NA,NA,"Pickerell Weed",NA,NA,NA,NA,NA,NA,NA,NA,"Macrophyte",""
"181","V-0442",-125.1,2012,"Ward","B","16-Jul-12",NA,NA,"Najas flexilis",NA,NA,NA,NA,NA,NA,NA,NA,"Macrophyte",""
"182","V-0445",-170.3,2012,"Ward","B","16-Jul-12",NA,NA,"Potamogeton nodosus",NA,NA,NA,NA,NA,NA,NA,NA,"Macrophyte",""
"183","V-0449",-180.5,2012,"Ward","C","13-Aug-12",NA,NA,"Potamogeton nodosus",NA,NA,NA,NA,NA,NA,NA,NA,"Macrophyte",""
"184","V-0454",-143.6,2012,"Ward","C","13-Aug-12",NA,NA,"Nymphaea odorata",NA,NA,NA,NA,NA,NA,NA,NA,"Macrophyte",""
"185","V-0455",-133.4,2012,"Ward","C","13-Aug-12",NA,NA,"Potamogeton amplifolius",NA,NA,NA,NA,NA,NA,NA,NA,"Macrophyte",""
"186","V-0457",-153.8,2012,"Ward","C","13-Aug-12",NA,NA,"Brasenia schreberi",NA,NA,NA,NA,NA,NA,NA,NA,"Macrophyte",""
"187","V-0462",-166.9,2012,"Ward","C","13-Aug-12",NA,NA,"Nuphar variegata",NA,NA,NA,NA,NA,NA,NA,NA,"Macrophyte",""
"188","V-0466",-135.1,2012,"Ward","C","13-Aug-12",NA,NA,"Pickerell Weed",NA,NA,NA,NA,NA,NA,NA,NA,"Macrophyte",""
"189","V-0468",-170.1,2012,"Ward","B","13-Aug-12",NA,NA,"Tamarack",NA,NA,NA,NA,NA,NA,NA,NA,"Terrestrial",""
"190","V-0470",-131.6,2012,"Ward","C","13-Aug-12",NA,NA,"Najas flexilis",NA,NA,NA,NA,NA,NA,NA,NA,"Macrophyte",""
"191","V-0472",-122.6,2012,"Ward","C","13-Aug-12",NA,NA,"Potamogeton pusillus",NA,NA,NA,NA,NA,NA,NA,NA,"Macrophyte",""
"192","V-0473",-145.5,2012,"Ward","C","13-Aug-12",NA,NA,"Sedge",NA,NA,NA,NA,NA,NA,NA,NA,"Terrestrial",""
"193","V-0476",-165.1,2012,"Ward","C","13-Aug-12",NA,NA,"Alder",NA,NA,NA,NA,NA,NA,NA,NA,"Terrestrial",""
"194","V-0484",-117,2012,"Ward","C","13-Aug-12",NA,NA,"Chara",NA,NA,NA,NA,NA,NA,NA,NA,"Macrophyte",""
"195","W-0143",-61.24,2012,"Ward","A","19-Jun-12","Epi","0.5",NA,NA,NA,NA,NA,NA,NA,NA,NA,NA,NA
"196","W-0144",-64.4,2012,"Ward","A","19-Jun-12","Meta","1.5",NA,NA,NA,NA,NA,NA,NA,NA,NA,NA,NA
"197","W-0145",-61.9,2012,"Ward","B","19-Jun-12","Epi","0.5",NA,NA,NA,NA,NA,NA,NA,NA,NA,NA,NA
"198","W-0146",-64.43,2012,"Ward","B","19-Jun-12","Meta","1.5",NA,NA,NA,NA,NA,NA,NA,NA,NA,NA,NA
"199","W-0147",-61.04,2012,"Ward","C","19-Jun-12","Epi","0.5",NA,NA,NA,NA,NA,NA,NA,NA,NA,NA,NA
"200","W-0148",-63.2,2012,"Ward","C","19-Jun-12","Meta","1.5",NA,NA,NA,NA,NA,NA,NA,NA,NA,NA,NA
"201","W-0149",-52.97,2012,"Ward","A","17-Jul-12","Epi","0.5",NA,NA,NA,NA,NA,NA,NA,NA,NA,NA,NA
"202","W-0150",-59.31,2012,"Ward","A","17-Jul-12","Meta","1.5",NA,NA,NA,NA,NA,NA,NA,NA,NA,NA,NA
"203","W-0151",-53.05,2012,"Ward","B","17-Jul-12","Epi","0.5",NA,NA,NA,NA,NA,NA,NA,NA,NA,NA,NA
"204","W-0152",-57.41,2012,"Ward","B","17-Jul-12","Meta","1.5",NA,NA,NA,NA,NA,NA,NA,NA,NA,NA,NA
"205","W-0153",-53.54,2012,"Ward","C","17-Jul-12","Epi","0.5",NA,NA,NA,NA,NA,NA,NA,NA,NA,NA,NA
"206","W-0154",-64.87,2012,"Ward","C","17-Jul-12","Meta","1.5",NA,NA,NA,NA,NA,NA,NA,NA,NA,NA,NA
"207","W-0155",-54.99,2012,"Ward","A","14-Aug-12","Epi","0.5",NA,NA,NA,NA,NA,NA,NA,NA,NA,NA,NA
"208","W-0156",-60.33,2012,"Ward","A","14-Aug-12","Meta","1.5",NA,NA,NA,NA,NA,NA,NA,NA,NA,NA,NA
"209","W-0157",-55.42,2012,"Ward","B","14-Aug-12","Epi","0.5",NA,NA,NA,NA,NA,NA,NA,NA,NA,NA,NA
"210","W-0158",-60.44,2012,"Ward","B","14-Aug-12","Meta","1.5",NA,NA,NA,NA,NA,NA,NA,NA,NA,NA,NA
"211","W-0159",-54.95,2012,"Ward","C","14-Aug-12","Epi","0.5",NA,NA,NA,NA,NA,NA,NA,NA,NA,NA,NA
"212","W-0160",-58.49,2012,"Ward","C","14-Aug-12","Meta","1.5",NA,NA,NA,NA,NA,NA,NA,NA,NA,NA,NA
"213","Z-1109",-196,2010,"Ward","A","24-May-10","epi (0.5m)","0.5","Calanoid",NA,NA,NA,NA,NA,NA,NA,NA,NA,NA
"214","Z-1110",-197.4,2010,"Ward","B","24-May-10","epi (0.5m)","0.5","Calanoid",NA,NA,NA,NA,NA,NA,NA,NA,NA,NA
"215","Z-1111",-197.7,2010,"Ward","C","24-May-10","epi (0.5m)","0.5","Calanoid",NA,NA,NA,NA,NA,NA,NA,NA,NA,NA
"216","Z-1112",-199.4,2010,"Ward","D","24-May-10","epi (0.5m)","0.5","Calanoid",NA,NA,NA,NA,NA,NA,NA,NA,NA,NA
"217","Z-1113",-197.8,2010,"Ward","E","24-May-10","epi (0.5m)","0.5","Calanoid",NA,NA,NA,NA,NA,NA,NA,NA,NA,NA
"218","Z-1114",-177.3,2010,"Ward","A","24-May-10","meta (2.5 m)","2.5","Mesocyclops",NA,NA,NA,NA,NA,NA,NA,NA,NA,NA
"219","Z-1115",-174.1,2010,"Ward","B","24-May-10","meta (2.5 m)","2.5","Mesocyclops",NA,NA,NA,NA,NA,NA,NA,NA,NA,NA
"220","Z-1116",-175.8,2010,"Ward","C","24-May-10","meta (2.5 m)","2.5","Mesocyclops",NA,NA,NA,NA,NA,NA,NA,NA,NA,NA
"221","Z-1117",-177.7,2010,"Ward","D","24-May-10","meta (2.5 m)","2.5","Mesocyclops",NA,NA,NA,NA,NA,NA,NA,NA,NA,NA
"222","Z-1118",-176.6,2010,"Ward","E","24-May-10","meta (2.5 m)","2.5","Mesocyclops",NA,NA,NA,NA,NA,NA,NA,NA,NA,NA
"223","Z-1119",-191.3,2010,"Ward","A","4-Jun-10","Integrated","Integrated","Chaoborus",NA,NA,NA,NA,NA,NA,NA,NA,NA,NA
"224","Z-1120",-195.3,2010,"Ward","B","4-Jun-10","Integrated","Integrated","Chaoborus",NA,NA,NA,NA,NA,NA,NA,NA,NA,NA
"225","Z-1121",-190.8,2010,"Ward","C","4-Jun-10","Integrated","Integrated","Chaoborus",NA,NA,NA,NA,NA,NA,NA,NA,NA,NA
"226","Z-1122",-183.3,2010,"Ward","D","4-Jun-10","Integrated","Integrated","Chaoborus",NA,NA,NA,NA,NA,NA,NA,NA,NA,NA
"227","Z-1123",-193.2,2010,"Ward","E","4-Jun-10","Integrated","Integrated","Chaoborus",NA,NA,NA,NA,NA,NA,NA,NA,NA,NA
"228","Z-1124",-205.4,2010,"Ward","A","21-Jun-10","epi (1m)","1","Calanoid",NA,NA,NA,NA,NA,NA,NA,NA,NA,NA
"229","Z-1127",-199.1,2010,"Ward","D","21-Jun-10","epi (1m)","1","Calanoid",NA,NA,NA,NA,NA,NA,NA,NA,NA,NA
"230","Z-1129",-199.7,2010,"Ward","A","21-Jun-10","meta (3m)","3","Calanoid",NA,NA,NA,NA,NA,NA,NA,NA,NA,NA
"231","Z-1132",-194.7,2010,"Ward","D","21-Jun-10","meta (3m)","3","Calanoid",NA,NA,NA,NA,NA,NA,NA,NA,NA,NA
"232","Z-1134",-194.6,2010,"Ward","A","22-Jun-10","Integrated","Integrated","Chaoborus",NA,NA,NA,NA,NA,NA,NA,NA,NA,NA
"233","Z-1137",-196,2010,"Ward","D","22-Jun-10","Integrated","Integrated","Chaoborus",NA,NA,NA,NA,NA,NA,NA,NA,NA,NA
"234","Z-1139",-195.3,2010,"Ward","A","19-Jul-10","epi",NA,"Calanoid",NA,NA,NA,NA,NA,NA,NA,NA,NA,NA
"235","Z-1140",-191.6,2010,"Ward","B","19-Jul-10","epi",NA,"Calanoid",NA,NA,NA,NA,NA,NA,NA,NA,NA,NA
"236","Z-1141",-196.1,2010,"Ward","C","19-Jul-10","epi",NA,"Calanoid",NA,NA,NA,NA,NA,NA,NA,NA,NA,NA
"237","Z-1142",-198.7,2010,"Ward","D","19-Jul-10","epi",NA,"Calanoid",NA,NA,NA,NA,NA,NA,NA,NA,NA,NA
"238","Z-1143",-198.4,2010,"Ward","E","19-Jul-10","epi",NA,"Calanoid",NA,NA,NA,NA,NA,NA,NA,NA,NA,NA
"239","Z-1144",-194.7,2010,"Ward","A","19-Jul-10","meta",NA,"Calanoid",NA,NA,NA,NA,NA,NA,NA,NA,NA,NA
"240","Z-1145",-194.3,2010,"Ward","B","19-Jul-10","meta",NA,"Calanoid",NA,NA,NA,NA,NA,NA,NA,NA,NA,NA
"241","Z-1146",-190.9,2010,"Ward","C","19-Jul-10","meta",NA,"Calanoid",NA,NA,NA,NA,NA,NA,NA,NA,NA,NA
"242","Z-1147",-194.1,2010,"Ward","D","19-Jul-10","meta",NA,"Calanoid",NA,NA,NA,NA,NA,NA,NA,NA,NA,NA
"243","Z-1148",-196.6,2010,"Ward","E","19-Jul-10","meta",NA,"Calanoid",NA,NA,NA,NA,NA,NA,NA,NA,NA,NA
"244","Z-1149",-189.9,2010,"Ward","A","22-Jul-10","Integrated","Integrated","Chaoborus",NA,NA,NA,NA,NA,NA,NA,NA,NA,NA
"245","Z-1150",-189,2010,"Ward","B","22-Jul-10","Integrated","Integrated","Chaoborus",NA,NA,NA,NA,NA,NA,NA,NA,NA,NA
"246","Z-1151",-194,2010,"Ward","C","22-Jul-10","Integrated","Integrated","Chaoborus",NA,NA,NA,NA,NA,NA,NA,NA,NA,NA
"247","Z-1152",-178.5,2010,"Ward","D","22-Jul-10","Integrated","Integrated","Chaoborus",NA,NA,NA,NA,NA,NA,NA,NA,NA,NA
"248","Z-1153",-181,2010,"Ward","E","22-Jul-10","Integrated","Integrated","Chaoborus",NA,NA,NA,NA,NA,NA,NA,NA,NA,NA
"249","Z-1154",-187.9,2010,"Ward","A","16-Aug-10","epi",NA,"Calanoid",NA,NA,NA,NA,NA,NA,NA,NA,NA,NA
"250","Z-1157",-188.7,2010,"Ward","D","16-Aug-10","epi",NA,"Calanoid",NA,NA,NA,NA,NA,NA,NA,NA,NA,NA
"251","Z-1159",-188.9,2010,"Ward","A","16-Aug-10","meta",NA,"Calanoid",NA,NA,NA,NA,NA,NA,NA,NA,NA,NA
"252","Z-1162",-186.6,2010,"Ward","D","16-Aug-10","meta",NA,"Calanoid",NA,NA,NA,NA,NA,NA,NA,NA,NA,NA
"253","Z-1164",-172.2,2010,"Ward","A","18-Aug-10","Integrated","Integrated","Chaoborus",NA,NA,NA,NA,NA,NA,NA,NA,NA,NA
"254","Z-1167",-157.6,2010,"Ward","D","18-Aug-10","Integrated","Integrated","Chaoborus",NA,NA,NA,NA,NA,NA,NA,NA,NA,NA
"255","Z-1169",-177.7,2012,"Ward","A","18-Jun-12","Integrated","0-4","Chaoborus",NA,NA,NA,NA,NA,NA,NA,NA,NA,NA
"256","Z-1170",-204.2,2012,"Ward","B","18-Jun-12","Integrated","0-4","Chaoborus",NA,NA,NA,NA,NA,NA,NA,NA,NA,NA
"257","Z-1171",-186,2012,"Ward","C","18-Jun-12","Integrated","0-4","Chaoborus",NA,NA,NA,NA,NA,NA,NA,NA,NA,NA
"258","Z-1172",-176.1,2012,"Ward","A","19-Jun-12","Epi","0.5","Calanoid",NA,NA,NA,NA,NA,NA,NA,NA,NA,NA
"259","Z-1173",-241,2012,"Ward","A","19-Jun-12","Meta","1.5","Calanoid",NA,NA,NA,NA,NA,NA,NA,NA,NA,NA
"260","Z-1174",-208.9,2012,"Ward","B","19-Jun-12","Epi","0.5","Calanoid",NA,NA,NA,NA,NA,NA,NA,NA,NA,NA
"261","Z-1175",-200.2,2012,"Ward","B","19-Jun-12","Meta","1.5","Calanoid",NA,NA,NA,NA,NA,NA,NA,NA,NA,NA
"262","Z-1176",-228.7,2012,"Ward","C","19-Jun-12","Epi","0.5","Calanoid",NA,NA,NA,NA,NA,NA,NA,NA,NA,NA
"263","Z-1177",-220.3,2012,"Ward","C","19-Jun-12","Meta","1.5","Calanoid",NA,NA,NA,NA,NA,NA,NA,NA,NA,NA
"264","Z-1178",-180.1,2012,"Ward","A","19-Jun-12","Meta","1.5","Mesocyclops",NA,NA,NA,NA,NA,NA,NA,NA,NA,NA
"265","Z-1179",-157.6,2012,"Ward","B","19-Jun-12","Meta","1.5","Mesocyclops",NA,NA,NA,NA,NA,NA,NA,NA,NA,NA
"266","Z-1180",-175.2,2012,"Ward","C","19-Jun-12","Meta","1.5","Mesocyclops",NA,NA,NA,NA,NA,NA,NA,NA,NA,NA
"267","Z-1181",-178.6,2012,"Ward","A","16-Jul-12","Integrated","0-4","Chaoborus",NA,NA,NA,NA,NA,NA,NA,NA,NA,NA
"268","Z-1182",-178.9,2012,"Ward","B","16-Jul-12","Integrated","0-4","Chaoborus",NA,NA,NA,NA,NA,NA,NA,NA,NA,NA
"269","Z-1183",-171.3,2012,"Ward","C","16-Jul-12","Integrated","0-4","Chaoborus",NA,NA,NA,NA,NA,NA,NA,NA,NA,NA
"270","Z-1184",-230.1,2012,"Ward","A","17-Jul-12","Meta","1.5","Calanoid",NA,NA,NA,NA,NA,NA,NA,NA,NA,NA
"271","Z-1185",-188.6,2012,"Ward","A","17-Jul-12","Meta","1.5","Mesocyclops",NA,NA,NA,NA,NA,NA,NA,NA,NA,NA
"272","Z-1186",-176.8,2012,"Ward","B","17-Jul-12","Meta","1.5","Calanoid",NA,NA,NA,NA,NA,NA,NA,NA,NA,NA
"273","Z-1187",-180.8,2012,"Ward","B","17-Jul-12","Meta","1.5","Mesocyclops",NA,NA,NA,NA,NA,NA,NA,NA,NA,NA
"274","Z-1188",-212.3,2012,"Ward","C","17-Jul-12","Meta","1.5","Calanoid",NA,NA,NA,NA,NA,NA,NA,NA,NA,NA
"275","Z-1189",-168.4,2012,"Ward","C","17-Jul-12","Meta","1.5","Mesocyclops",NA,NA,NA,NA,NA,NA,NA,NA,NA,NA
"276","Z-1190",-144.2,2012,"Ward","A","17-Jul-12","Epi","0.5","Calanoid",NA,NA,NA,NA,NA,NA,NA,NA,NA,NA
"277","Z-1191",-186.4,2012,"Ward","B","17-Jul-12","Epi","0.5","Calanoid",NA,NA,NA,NA,NA,NA,NA,NA,NA,NA
"278","Z-1192",-206.5,2012,"Ward","C","17-Jul-12","Epi","0.5","Calanoid",NA,NA,NA,NA,NA,NA,NA,NA,NA,NA
"279","Z-1193",-169.2,2012,"Ward","A","15-Aug-12","Integrated","0-4","Chaoborus",NA,NA,NA,NA,NA,NA,NA,NA,NA,NA
"280","Z-1194",-156.7,2012,"Ward","B","15-Aug-12","Integrated","0-4","Chaoborus",NA,NA,NA,NA,NA,NA,NA,NA,NA,NA
"281","Z-1195",-162.7,2012,"Ward","C","15-Aug-12","Integrated","0-4","Chaoborus",NA,NA,NA,NA,NA,NA,NA,NA,NA,NA
"282","Z-1196",-190,2012,"Ward","A","15-Aug-12","Meta","2","Calanoid",NA,NA,NA,NA,NA,NA,NA,NA,NA,NA
"283","Z-1197",-187.8,2012,"Ward","A","15-Aug-12","Meta","2","Mesocyclops",NA,NA,NA,NA,NA,NA,NA,NA,NA,NA
"284","Z-1198",-182.3,2012,"Ward","B","15-Aug-12","Meta","2","Calanoid",NA,NA,NA,NA,NA,NA,NA,NA,NA,NA
"285","Z-1200",-212.8,2012,"Ward","C","15-Aug-12","Meta","2","Calanoid",NA,NA,NA,NA,NA,NA,NA,NA,NA,NA
"286","Z-1202",-164.4,2012,"Ward","A","15-Aug-12","Epi","0.5","Calanoid",NA,NA,NA,NA,NA,NA,NA,NA,NA,NA
"287","Z-1203",-165.9,2012,"Ward","B","15-Aug-12","Epi","0.5","Calanoid",NA,NA,NA,NA,NA,NA,NA,NA,NA,NA
"288","Z-1204",-184,2012,"Ward","C","15-Aug-12","Epi","0.5","Calanoid",NA,NA,NA,NA,NA,NA,NA,NA,NA,NA
