SampleID,Year,Lake,Habitat,Site,Depth,Week,Date,Type,Taxon,Trophic,Length,Weight,Tissue,GutID,FishID,d15N,d13C,dD,AnalyzedForBatt2012,Notes
A-0298,2010,Ward,Littoral,B,0.5,2,25-Jun-10,Periphyton,Periphyton,0,NA,NA,NA,NA,NA,0.34,-22.43,-192.3,Yes,
A-0299,2010,Ward,Littoral,C,0.5,2,25-Jun-10,Periphyton,Periphyton,0,NA,NA,NA,NA,NA,-0.13,-23.18,-197.7,Yes,
A-0301,2010,Ward,Littoral,E,0.5,2,25-Jun-10,Periphyton,Periphyton,0,NA,NA,NA,NA,NA,0.16,-22.42,-194.1,Yes,
A-0308,2010,Ward,Littoral,B,0.5,4,17-Aug-10,Periphyton,Periphyton,0,NA,NA,NA,NA,NA,-0.07,-22.14,-191.1,Yes,
A-0309,2010,Ward,Littoral,C,0.5,4,17-Aug-10,Periphyton,Periphyton,0,NA,NA,NA,NA,NA,-0.2,-20.41,-195.1,Yes,
A-0311,2010,Ward,Littoral,E,0.5,4,17-Aug-10,Periphyton,Periphyton,0,NA,NA,NA,NA,NA,-0.34,-21.22,-208,Yes,
A-0315,2012,Ward,Littoral,A,0.1,3,16-Jul-12,Periphyton,Periphyton,0,NA,NA,NA,NA,NA,1.42,-27.85,-209.9,No,
A-0316,2012,Ward,Littoral,B,0.1,3,16-Jul-12,Periphyton,Periphyton,0,NA,NA,NA,NA,NA,2.76,-26.95,-204.9,No,
A-0317,2012,Ward,Littoral,C,0.1,3,16-Jul-12,Periphyton,Periphyton,0,NA,NA,NA,NA,NA,1.79,-26.86,-213,No,
A-0318,2012,Ward,Littoral,A,0.1,4,13-Aug-12,Periphyton,Periphyton,0,NA,NA,NA,NA,NA,1.98,-25.88,-208,No,
A-0319,2012,Ward,Littoral,B,0.1,4,13-Aug-12,Periphyton,Periphyton,0,NA,NA,NA,NA,NA,0.94,-25.1,-199.8,No,
A-0320,2012,Ward,Littoral,C,0.1,4,13-Aug-12,Periphyton,Periphyton,0,NA,NA,NA,NA,NA,0.96,-25.4,-205.2,No,
B-0836,2010,Ward,Littoral,B,0.5,2,25-Jun-10,Snail,Helisoma trivolvis,1,NA,NA,Foot,NA,NA,0.28,-24.76,-155.5,Yes,
B-0837,2010,Ward,Littoral,C,0.5,2,25-Jun-10,Snail,Helisoma trivolvis,1,NA,NA,Foot,NA,NA,0.71,-25.79,-152.2,Yes,
B-0839,2010,Ward,Littoral,E,0.5,2,25-Jun-10,Snail,Helisoma trivolvis,1,NA,NA,Foot,NA,NA,0.52,-25.52,-150.4,Yes,
B-0861,2010,Ward,Littoral,B,0.5,4,17-Aug-10,Snail,Helisoma trivolvis,1,NA,NA,Foot,NA,NA,-0.84,-24.68,-142.7,Yes,
B-0862,2010,Ward,Littoral,C,0.5,4,17-Aug-10,Snail,Helisoma trivolvis,1,NA,NA,Foot,NA,NA,0.25,-26.37,-148.7,Yes,
B-0864,2010,Ward,Littoral,E,0.5,4,17-Aug-10,Snail,Helisoma trivolvis,1,NA,NA,Foot,NA,NA,0.1,-24.74,-153.9,Yes,
B-0870,2012,Ward,Littoral,A,0,2,18-Jun-12,Snail,Helisoma trivolvis,1,NA,NA,Foot,NA,NA,1.14,-28.49,-170.9,No,
B-0871,2012,Ward,Littoral,B,0,2,18-Jun-12,Snail,Helisoma trivolvis,1,NA,NA,Foot,NA,NA,0.77,-27.59,-175.3,No,
B-0873,2012,Ward,Littoral,A,0,3,16-Jul-12,Snail,Helisoma trivolvis,1,NA,NA,Foot,NA,NA,0.23,-27.99,-148.5,No,
B-0874,2012,Ward,Littoral,B,0,3,16-Jul-12,Snail,Helisoma trivolvis,1,NA,NA,Foot,NA,NA,-0.23,-28.67,-151,No,
B-0876,2012,Ward,Littoral,A,0,4,13-Aug-12,Snail,Helisoma trivolvis,1,NA,NA,Foot,NA,NA,0.93,-28.31,-159.4,No,
B-0877,2012,Ward,Littoral,B,0,4,13-Aug-12,Snail,Helisoma trivolvis,1,NA,NA,Foot,NA,NA,0.96,-28.68,-149.2,No,
F-0976,2010,Ward,All,B,NA,1,26-May-10,Fish,CMM,2,63,2.6,Whole,G-0699,NA,3.78,-26.45,-154.5,No,
F-0977,2010,Ward,All,B,NA,1,26-May-10,Fish,CMM,2,73,3,Whole,G-0700,NA,6.12,-29.69,-146.7,No,
F-0978,2010,Ward,All,B,NA,1,26-May-10,Fish,FHM,2,72,5.2,Whole,G-0701,NA,3.86,-31.94,-193.1,No,
F-0979,2010,Ward,All,B,NA,1,27-May-10,Fish,FHM,2,NA,NA,Whole,NA,NA,4.8,-31.66,-176.7,Yes,
F-0981,2010,Ward,All,B,NA,1,26-May-10,Fish,DAC,2,66,3.8,Whole,G-0704,NA,3.59,-31.05,-199.2,No,
F-0991,2010,Ward,All,C,NA,1,27-May-10,Fish,FHM,2,NA,NA,Whole,NA,NA,5,-33.37,-187.9,Yes,
F-0992,2010,Ward,All,C,NA,1,26-May-10,Fish,FHM,2,71,5.1,Whole,G-0715,NA,4.02,-30.96,-195.9,No,
F-0994,2010,Ward,All,E,NA,1,27-May-10,Fish,FHM,2,NA,NA,Whole,NA,NA,4.39,-28.63,-186.1,Yes,
F-0996,2010,Ward,All,E,NA,1,26-May-10,Fish,FHM,2,75,6.3,Whole,G-0719,NA,4.08,-32.92,-193.3,No,
F-0999,2010,Ward,All,A,NA,1,26-May-10,Fish,FHM,2,75,5.9,Whole,G-0722,NA,5.18,-33.25,-191.9,No,
F-1003,2010,Ward,All,A,NA,1,26-May-10,Fish,DAC,2,56,2.1,Whole,G-0726,NA,5.12,-27.46,-182.9,No,
F-1009,2010,Ward,All,D,NA,1,26-May-10,Fish,DAC,2,60,2.6,Whole,G-0732,NA,3.82,-32.89,-184.9,No,
F-1011,2010,Ward,All,D,NA,1,26-May-10,Fish,FHM,2,75,5.6,Whole,G-0734,NA,4.24,-32.94,-196.7,No,
F-1012,2010,Ward,All,D,NA,1,26-May-10,Fish,FHM,2,76,5.5,Whole,G-0735,NA,4.09,-32.26,-192.4,No,
F-1013,2010,Ward,All,D,NA,1,26-May-10,Fish,DAC,2,82,6.5,Whole,G-0736,NA,3.98,-25.22,-167.6,No,
F-1016,2010,Ward,All,D,NA,1,26-May-10,Fish,DAC,2,55,2,Whole,G-0739,NA,4.99,-27.73,-175.3,No,
F-1018,2010,Ward,All,D,NA,1,26-May-10,Fish,DAC,2,54,1.8,Whole,G-0741,NA,5.47,-28.4,-171.6,No,
F-1022,2010,Ward,All,A,NA,2,24-Jun-10,Fish,YWP,3,NA,NA,Whole,NA,NA,5.94,-31.4,-175.7,Yes,
F-1023,2010,Ward,All,A,NA,2,24-Jun-10,Fish,PKS,2,NA,NA,Whole,NA,NA,5.87,-31.75,-159.1,Yes,
F-1025,2010,Ward,All,B,NA,2,24-Jun-10,Fish,DAC,2,66,2.849,Whole,G-0748,NA,3.58,-25.55,-168.8,No,
F-1026,2010,Ward,All,B,NA,2,24-Jun-10,Fish,DAC,2,67,2.776,Whole,G-0749,NA,3.42,-24.52,-177,No,
F-1027,2010,Ward,All,B,NA,2,24-Jun-10,Fish,FHM,2,NA,NA,Whole,NA,NA,3.1,-31.51,-191.4,Yes,
F-1029,2010,Ward,All,C,NA,2,24-Jun-10,Fish,PKS,2,NA,NA,Whole,NA,NA,6.04,-30.61,-164.3,Yes,
F-1030,2010,Ward,All,C,NA,2,24-Jun-10,Fish,PKS,2,NA,NA,Whole,NA,NA,7.26,-30.94,-150.2,Yes,
F-1032,2010,Ward,All,D,NA,2,24-Jun-10,Fish,FHM,2,NA,NA,Whole,NA,NA,3.88,-30.75,-189.6,Yes,
F-1034,2010,Ward,All,D,NA,2,24-Jun-10,Fish,DAC,2,56,1.584,Whole,G-0783,NA,5.28,-28.97,-181.7,No,
F-1035,2010,Ward,All,E,NA,2,24-Jun-10,Fish,DAC,2,61,3.802,Whole,G-0758,NA,3.73,-31.87,-190.7,No,
F-1036,2010,Ward,All,E,NA,2,24-Jun-10,Fish,DAC,2,66,2.597,Whole,G-0759,NA,4.32,-30.51,-192.2,No,
F-1037,2010,Ward,All,E,NA,2,24-Jun-10,Fish,DAC,2,58,1.975,Whole,G-0760,NA,4.6,-28.31,-188.1,No,
F-1038,2010,Ward,All,E,NA,2,24-Jun-10,Fish,FHM,2,NA,NA,Whole,NA,NA,3.86,-29.48,-171.1,Yes,
F-1040,2010,Ward,All,X,NA,2,24-Jun-10,Fish,YWP,3,NA,NA,Whole,NA,NA,5.74,-29.85,-177.1,Yes,
F-1041,2010,Ward,All,X,NA,2,24-Jun-10,Fish,YWP,3,NA,NA,Whole,NA,NA,6.19,-28.77,-147,Yes,
F-1042,2010,Ward,All,A,NA,3,21-Jul-10,Fish,CMM,2,59,2.196,Whole,G-0745,NA,6.16,-35.15,-151.8,No,
F-1043,2010,Ward,All,A,NA,3,21-Jul-10,Fish,CMM,2,77,5.148,Whole,G-0746,NA,6.12,-29.88,-142.7,No,
F-1044,2010,Ward,All,A,NA,3,21-Jul-10,Fish,CMM,2,69,4.218,Whole,G-0767,NA,6.2,-29.68,-158.9,No,
F-1045,2010,Ward,All,E,NA,3,21-Jul-10,Fish,CMM,2,59,2.3,Whole,G-0802,NA,6.47,-33.69,-167.2,No,
F-1046,2010,Ward,All,E,NA,3,21-Jul-10,Fish,CMM,2,64,3.1,Whole,G-0803,NA,6.52,-30.78,-143.1,No,
F-1054,2010,Ward,All,X,NA,3,21-Jul-10,Fish,BHD,3,180,70.85,Whole,G-0777,NA,6.39,-31.29,-169.8,No,
F-1055,2010,Ward,All,B,NA,3,22-Jul-10,Fish,CMM,3,93,10.65,Whole,G-0787,NA,5.95,-30.73,-161.4,No,
F-1064,2010,Ward,All,B,NA,4,18-Aug-10,Fish,YWP,3,NA,NA,Whole,NA,NA,6,-30.56,-160.1,Yes,
F-1065,2010,Ward,All,B,NA,4,18-Aug-10,Fish,BHD,2,64,4,Whole,G-0779,NA,3.95,-26.97,-159.1,No,
F-1066,2010,Ward,All,B,NA,4,18-Aug-10,Fish,PKS,2,NA,NA,Whole,NA,NA,4.05,-27.76,-170.1,Yes,
F-1071,2010,Ward,All,B,NA,4,18-Aug-10,Fish,BHD,2,60,3,Whole,G-0794,NA,4.09,-27.21,-156.6,No,
F-1072,2010,Ward,All,B,NA,4,18-Aug-10,Fish,BHD,2,51,1.9,Whole,G-0795,NA,4.31,-28.69,-168,No,
F-1073,2010,Ward,All,B,NA,4,18-Aug-10,Fish,BHD,2,55,2.3,Whole,G-0796,NA,4.14,-27.99,-165.9,No,
F-1074,2010,Ward,All,B,NA,4,18-Aug-10,Fish,BHD,2,52,2.2,Whole,G-0797,NA,4.25,-29.08,-180.5,No,
F-1075,2010,Ward,All,C,NA,4,18-Aug-10,Fish,YWP,3,NA,NA,Whole,NA,NA,4.68,-26.49,-156.2,Yes,
F-1076,2010,Ward,All,C,NA,4,18-Aug-10,Fish,PKS,2,NA,NA,Whole,NA,NA,4.72,-28.28,-160,Yes,
F-1079,2010,Ward,All,E,NA,4,18-Aug-10,Fish,YWP,3,NA,NA,Whole,NA,NA,5.06,-27.55,-161,Yes,
F-1080,2010,Ward,All,E,NA,4,18-Aug-10,Fish,PKS,2,NA,NA,Whole,NA,NA,5.8,-30.7,-160.6,Yes,
F-1081,2010,Ward,All,E,NA,4,18-Aug-10,Fish,BHD,2,61,3.1,Whole,G-0804,NA,3.85,-27.86,-169,No,
F-1083,2010,Ward,All,X,NA,4,18-Aug-10,Fish,CMM,2,86,6.8,Whole,G-0771,NA,7.47,-30.41,-134.4,No,
F-1084,2010,Ward,All,X,NA,4,18-Aug-10,Fish,BHD,2,63,3.8,Whole,G-0744,NA,3.84,-27.46,-158.4,No,
F-1095,2012,Ward,All,C,NA,2,20-Jun-12,Fish,DAC,2,57,1.7,Whole,NA,NA,5.77,-29.03,-184.5,No,
F-1123,2012,Ward,All,C,NA,2,20-Jun-12,Fish,FHM,2,81,6.3,Whole,NA,NA,2.75,-33.61,-207.4,No,
F-1124,2012,Ward,All,C,NA,2,20-Jun-12,Fish,FHM,2,NA,NA,Guts,NA,F-1123,2.2,-36.71,-245.3,No,
F-1131,2012,Ward,All,C,NA,2,20-Jun-12,Fish,CMM,2,57,1.9,Whole,NA,NA,5.28,-33.51,-179.2,No,
F-1133,2012,Ward,All,C,NA,2,20-Jun-12,Fish,BHD,3,95,12.8,Whole,NA,NA,4.7,-32.21,-170.1,No,
F-1143,2012,Ward,All,B,NA,2,20-Jun-12,Fish,DAC,2,47,1.1,Whole,NA,NA,5.57,-31.16,-168.6,No,
F-1161,2012,Ward,All,B,NA,2,20-Jun-12,Fish,CMM,2,53,1.6,Whole,NA,NA,5.37,-34.04,-155,No,
F-1163,2012,Ward,All,B,NA,2,20-Jun-12,Fish,DAC,2,57,1.7,Whole,NA,NA,6.13,-30.44,-162.8,No,
F-1173,2012,Ward,All,B,NA,2,20-Jun-12,Fish,DAC,2,49,1,Whole,NA,NA,6.2,-34.03,-191.5,No,
F-1177,2012,Ward,All,B,NA,2,20-Jun-12,Fish,BHD,3,104,13.1,Whole,NA,NA,5.34,-31.83,-153.1,No,
F-1185,2012,Ward,All,C,NA,2,20-Jun-12,Fish,CMM,2,63,2.6,Whole,NA,NA,4.96,-32.66,-172.5,No,
F-1189,2012,Ward,All,A,NA,2,20-Jun-12,Fish,CMM,2,87,5.5,Whole,NA,NA,5.06,-30.24,-126.6,No,
F-1205,2012,Ward,All,A,NA,2,20-Jun-12,Fish,FHM,2,82,7.3,Whole,NA,NA,4.88,-32.19,-193.5,No,
F-1206,2012,Ward,All,A,NA,2,20-Jun-12,Fish,FHM,2,NA,NA,Guts,NA,F-1205,5.1,-32.83,-205.7,No,
F-1209,2012,Ward,All,A,NA,2,20-Jun-12,Fish,CMM,2,87,7.2,Whole,NA,NA,4.97,-29.47,-161.7,No,
F-1229,2012,Ward,All,A,NA,2,20-Jun-12,Fish,FHM,2,87,7,Whole,NA,NA,5.63,-32.24,-175.3,No,
F-1233,2012,Ward,All,B,NA,2,20-Jun-12,Fish,PKS,2,81,10.9,Whole,NA,NA,4.92,-33.65,-189.9,No,
F-1240,2012,Ward,All,A,NA,3,17-Jul-12,Fish,BHD,3,126,23,Whole,NA,NA,5.21,-24.56,-160.9,No,
F-1242,2012,Ward,All,A,NA,3,17-Jul-12,Fish,BHD,3,140,35.4,Whole,NA,NA,5.33,-26.12,-154.5,No,
F-1244,2012,Ward,All,A,NA,3,17-Jul-12,Fish,BHD,3,147,35.1,Whole,NA,NA,6.21,-30.39,-156,No,
F-1246,2012,Ward,All,A,NA,3,17-Jul-12,Fish,CMM,3,94,8.8,Whole,NA,NA,5.62,-31.85,-164.6,No,
F-1260,2012,Ward,All,B,NA,3,17-Jul-12,Fish,DAC,2,59,1.6,Whole,NA,NA,6.2,-30.48,-161.7,No,
F-1262,2012,Ward,All,B,NA,3,17-Jul-12,Fish,DAC,2,58,1.8,Whole,NA,NA,5.75,-29.62,-163.1,No,
F-1268,2012,Ward,All,C,NA,3,17-Jul-12,Fish,FHM,2,49,1.1,Whole,NA,NA,3.83,-35.34,-188.9,No,
F-1270,2012,Ward,All,C,NA,3,17-Jul-12,Fish,FHM,2,49,1,Whole,NA,NA,3.32,-33.49,-166.9,No,
F-1272,2012,Ward,All,C,NA,3,17-Jul-12,Fish,FHM,2,81,5.7,Whole,NA,NA,3.87,-35.16,-188.5,No,
F-1273,2012,Ward,All,C,NA,3,17-Jul-12,Fish,FHM,NA,NA,NA,Guts,NA,F-1272,3.21,-38.19,-227,No,
F-1274,2012,Ward,All,C,NA,3,17-Jul-12,Fish,FHM,2,50,1.2,Whole,NA,NA,3.31,-33.68,-165.6,No,
F-1280,2012,Ward,All,C,NA,3,17-Jul-12,Fish,CMM,2,43,0.9,Whole,NA,NA,3.39,-33.04,-149.8,No,
F-1288,2012,Ward,All,C,NA,3,17-Jul-12,Fish,BHD,3,114,17.8,Whole,NA,NA,4.69,-31.72,-164.8,No,
F-1290,2012,Ward,All,C,NA,3,17-Jul-12,Fish,BHD,3,103,14,Whole,NA,NA,4.38,-32.19,-170.9,No,
F-1292,2012,Ward,All,C,NA,3,17-Jul-12,Fish,BHD,3,93,10.4,Whole,NA,NA,3.91,-33.35,-177,No,
F-1300,2012,Ward,All,C,NA,3,18-Jul-12,Fish,DAC,2,58,1.8,Whole,NA,NA,5.33,-32.77,-186.3,No,
F-1302,2012,Ward,All,C,NA,3,18-Jul-12,Fish,DAC,2,49,1.2,Whole,NA,NA,3.64,-23.98,-164.8,No,
F-1312,2012,Ward,All,A,NA,3,18-Jul-12,Fish,DAC,2,46,0.8,Whole,NA,NA,2.91,-33.44,-162.5,No,
F-1316,2012,Ward,All,A,NA,3,18-Jul-12,Fish,CMM,3,94,7.3,Whole,NA,NA,4.65,-32.01,-150.1,No,
F-1320,2012,Ward,All,B,NA,3,18-Jul-12,Fish,FHM,2,52,1.5,Whole,NA,NA,3.93,-34.86,-160.6,No,
F-1322,2012,Ward,All,B,NA,3,18-Jul-12,Fish,CMM,2,89,8,Whole,NA,NA,5.73,-30.69,-152,No,
F-1328,2012,Ward,All,B,NA,3,18-Jul-12,Fish,FHM,2,82,4.8,Whole,NA,NA,2.78,-32.09,-154.3,No,
F-1329,2012,Ward,All,B,NA,3,18-Jul-12,Fish,FHM,NA,NA,NA,Guts,NA,F-1328,-0.36,-35.85,-181.4,No,
F-1338,2012,Ward,All,A,NA,3,18-Jul-12,Fish,YWP,2,79,5,Whole,NA,NA,6.74,-31.88,-156.2,No,
F-1354,2012,Ward,All,A,NA,4,14-Aug-12,Fish,BHD,3,148,44,Whole,NA,NA,5.92,-30.07,-142.8,No,
F-1356,2012,Ward,All,A,NA,4,14-Aug-12,Fish,CMM,3,93,8.7,Whole,NA,NA,5.73,-30.34,-150.1,No,
F-1358,2012,Ward,All,A,NA,4,14-Aug-12,Fish,CMM,2,49,1.4,Whole,NA,NA,1.57,-32.28,-140.6,No,
F-1360,2012,Ward,All,A,NA,4,14-Aug-12,Fish,BHD,2,48,1.8,Whole,NA,NA,4.84,-30.47,-142.8,No,
F-1364,2012,Ward,All,A,NA,4,14-Aug-12,Fish,CMM,2,62,3.2,Whole,NA,NA,4.98,-30.57,-151.8,No,
F-1366,2012,Ward,All,A,NA,4,14-Aug-12,Fish,BHD,2,53,1.9,Whole,NA,NA,5.41,-31.19,-147.7,No,
F-1372,2012,Ward,All,B,NA,4,14-Aug-12,Fish,DAC,2,45,0.9,Whole,NA,NA,2.8,-27.43,-148,No,
F-1374,2012,Ward,All,B,NA,4,14-Aug-12,Fish,BHD,2,52,1.8,Whole,NA,NA,5.37,-31.56,-149.1,No,
F-1376,2012,Ward,All,B,NA,4,14-Aug-12,Fish,BHD,3,130,29.7,Whole,NA,NA,5.35,-30.7,-164.9,No,
F-1381,2012,Ward,All,B,NA,4,14-Aug-12,Fish,DAC,NA,NA,NA,Guts,NA,F-1380,4.17,-25.13,-279.8,No,
F-1382,2012,Ward,All,C,NA,4,14-Aug-12,Fish,FHM,2,46,0.9,Whole,NA,NA,2.77,-29.63,-155.2,No,
F-1384,2012,Ward,All,C,NA,4,14-Aug-12,Fish,FHM,2,51,1,Whole,NA,NA,2.53,-32.08,-147.4,No,
F-1386,2012,Ward,All,C,NA,4,14-Aug-12,Fish,FHM,2,52,1.1,Whole,NA,NA,0.62,-34.5,-173.7,No,
F-1388,2012,Ward,All,C,NA,4,14-Aug-12,Fish,DAC,2,48,0.8,Whole,NA,NA,4.45,-31.91,-165.5,No,
F-1390,2012,Ward,All,C,NA,4,14-Aug-12,Fish,BHD,2,52,1.7,Whole,NA,NA,6.01,-31.81,-146.8,No,
F-1392,2012,Ward,All,C,NA,4,14-Aug-12,Fish,FHM,2,83,5.9,Whole,NA,NA,2.19,-34.94,-187.5,No,
F-1393,2012,Ward,All,C,NA,4,14-Aug-12,Fish,FHM,NA,NA,NA,Guts,NA,F-1392,-1.95,-37.35,-237.1,No,
F-1394,2012,Ward,All,C,NA,4,14-Aug-12,Fish,FHM,2,85,6,Whole,NA,NA,2.47,-34.07,-180.7,No,
F-1395,2012,Ward,All,C,NA,4,14-Aug-12,Fish,FHM,NA,NA,NA,Guts,NA,F-1394,0.81,-36.05,-200.6,No,
F-1400,2012,Ward,All,C,NA,4,14-Aug-12,Fish,PKS,2,41,1,Whole,NA,NA,6,-30.12,-160.4,No,
F-1402,2012,Ward,All,C,NA,4,14-Aug-12,Fish,BHD,2,49,1.5,Whole,NA,NA,5.35,-31.63,-152,No,
F-1406,2012,Ward,All,C,NA,4,14-Aug-12,Fish,DAC,2,73,3.3,Whole,NA,NA,3.73,-29.29,-179.8,No,
F-1416,2012,Ward,All,A,NA,4,15-Aug-12,Fish,PKS,2,60,4.1,Whole,NA,NA,4.9,-31.69,-178.3,No,
F-1422,2012,Ward,All,A,NA,4,16-Aug-12,Fish,PKS,2,64,4.6,Whole,NA,NA,4.57,-31.61,-181.4,No,
G-0702,2010,Ward,All,B,NA,1,26-May-10,Guts,FHM,NA,NA,NA,Guts,NA,NA,4.48,-32.14,-199.6,No,
G-0714,2010,Ward,All,C,NA,1,26-May-10,Guts,FHM,NA,NA,NA,Guts,NA,NA,4.58,-34.12,-227.7,No,
G-0717,2010,Ward,All,E,NA,1,26-May-10,Guts,FHM,NA,NA,NA,Guts,NA,NA,4.32,-29.92,-216,No,
G-0761,2010,Ward,All,E,NA,2,24-Jun-10,Guts,FHM,NA,NA,NA,Guts,NA,NA,4.14,-30.6,-190.4,No,
G-0801,2010,Ward,All,D,NA,4,18-Aug-10,Guts,YWP,NA,NA,NA,Guts,NA,NA,3.1,-30.24,-218.6,No,
I-1151,2010,Ward,Epi,A,1,2,22-Jun-10,DIC,DIC,NA,NA,NA,NA,NA,NA,NA,-6.27,NA,Yes,
I-1152,2010,Ward,Epi,B,1,2,22-Jun-10,DIC,DIC,NA,NA,NA,NA,NA,NA,NA,-6.46,NA,Yes,
I-1153,2010,Ward,Epi,C,1,2,22-Jun-10,DIC,DIC,NA,NA,NA,NA,NA,NA,NA,-6.28,NA,Yes,
I-1154,2010,Ward,Epi,D,1,2,22-Jun-10,DIC,DIC,NA,NA,NA,NA,NA,NA,NA,-5.76,NA,Yes,
I-1155,2010,Ward,Epi,E,1,2,22-Jun-10,DIC,DIC,NA,NA,NA,NA,NA,NA,NA,-6.18,NA,Yes,
I-1156,2010,Ward,Meta,A,3.5,2,22-Jun-10,DIC,DIC,NA,NA,NA,NA,NA,NA,NA,-6.8,NA,Yes,
I-1157,2010,Ward,Meta,B,2.5,2,22-Jun-10,DIC,DIC,NA,NA,NA,NA,NA,NA,NA,-5.94,NA,Yes,
I-1158,2010,Ward,Meta,C,3.5,2,22-Jun-10,DIC,DIC,NA,NA,NA,NA,NA,NA,NA,-8.19,NA,Yes,
I-1159,2010,Ward,Meta,D,3.5,2,22-Jun-10,DIC,DIC,NA,NA,NA,NA,NA,NA,NA,-5.62,NA,Yes,
I-1160,2010,Ward,Meta,E,3.5,2,22-Jun-10,DIC,DIC,NA,NA,NA,NA,NA,NA,NA,-7.65,NA,Yes,
I-1161,2010,Ward,Littoral,E,0.5,2,22-Jun-10,DIC,DIC,NA,NA,NA,NA,NA,NA,NA,-5.95,NA,Yes,
I-1162,2010,Ward,Hypo,E,6,2,22-Jun-10,DIC,DIC,NA,NA,NA,NA,NA,NA,NA,-10.16,NA,Yes,
I-1173,2010,Ward,Epi,A,1,2,21-Jul-10,DIC,DIC,NA,NA,NA,NA,NA,NA,NA,-5.82,NA,Yes,
I-1174,2010,Ward,Epi,B,1,3,21-Jul-10,DIC,DIC,NA,NA,NA,NA,NA,NA,NA,-5.3,NA,Yes,
I-1175,2010,Ward,Epi,C,1,3,21-Jul-10,DIC,DIC,NA,NA,NA,NA,NA,NA,NA,-5.44,NA,Yes,
I-1176,2010,Ward,Epi,D,1,3,21-Jul-10,DIC,DIC,NA,NA,NA,NA,NA,NA,NA,-5.31,NA,Yes,
I-1177,2010,Ward,Epi,E,1,3,21-Jul-10,DIC,DIC,NA,NA,NA,NA,NA,NA,NA,-5.08,NA,Yes,
I-1178,2010,Ward,Meta,A,2.5,3,21-Jul-10,DIC,DIC,NA,NA,NA,NA,NA,NA,NA,-6.4,NA,Yes,
I-1179,2010,Ward,Meta,B,2.5,3,21-Jul-10,DIC,DIC,NA,NA,NA,NA,NA,NA,NA,-5.14,NA,Yes,
I-1180,2010,Ward,Meta,C,2.5,3,21-Jul-10,DIC,DIC,NA,NA,NA,NA,NA,NA,NA,-5.33,NA,Yes,
I-1181,2010,Ward,Meta,D,2.5,3,21-Jul-10,DIC,DIC,NA,NA,NA,NA,NA,NA,NA,-5.06,NA,Yes,
I-1182,2010,Ward,Meta,E,2.5,3,21-Jul-10,DIC,DIC,NA,NA,NA,NA,NA,NA,NA,-5.01,NA,Yes,
I-1183,2010,Ward,Littoral,E,0.5,3,21-Jul-10,DIC,DIC,NA,NA,NA,NA,NA,NA,NA,-4.84,NA,Yes,
I-1184,2010,Ward,Hypo,E,6,3,21-Jul-10,DIC,DIC,NA,NA,NA,NA,NA,NA,NA,-10.49,NA,Yes,
O-0355,2010,Ward,Epi,E,1,2,22-Jun-10,DOM,DOM,0,NA,NA,NA,NA,NA,-6.14,-28.09,-118.8,Yes,
O-0360,2010,Ward,Meta,E,3.5,2,22-Jun-10,DOM,DOM,0,NA,NA,NA,NA,NA,-6.82,-28.53,-122.3,Yes,
O-0362,2010,Ward,Hypo,E,6,2,22-Jun-10,DOM,DOM,0,NA,NA,NA,NA,NA,-0.94,-28.63,-124.7,Yes,
O-0375,2010,Ward,Epi,A,NA,4,20-Aug-10,DOM,DOM,0,NA,NA,NA,NA,NA,-1,-28.08,-114.6,No,
O-0377,2010,Ward,Epi,C,NA,4,20-Aug-10,DOM,DOM,0,NA,NA,NA,NA,NA,-2.09,-28.11,-115.2,No,
O-0380,2010,Ward,Meta,A,NA,4,20-Aug-10,DOM,DOM,0,NA,NA,NA,NA,NA,-2.67,-28.15,-109.5,No,
O-0382,2010,Ward,Meta,C,NA,4,20-Aug-10,DOM,DOM,0,NA,NA,NA,NA,NA,-2.42,-27.94,NA,No,
O-0389,2012,Ward,Epi,B,0.5,2,19-Jun-12,DOM,DOM,0,NA,NA,NA,NA,NA,0.59,-13.59,-157.7,No,
O-0390,2012,Ward,Meta,B,1.5,2,19-Jun-12,DOM,DOM,0,NA,NA,NA,NA,NA,0.3,-17.53,-154.7,No,
O-0395,2012,Ward,Epi,B,0.5,3,17-Jul-12,DOM,DOM,0,NA,NA,NA,NA,NA,-0.08,-22.4,-154.4,No,
O-0396,2012,Ward,Meta,B,1.5,3,17-Jul-12,DOM,DOM,0,NA,NA,NA,NA,NA,-0.08,-23.9,-163.2,No,
O-0401,2012,Ward,Epi,B,0.5,4,15-Aug-12,DOM,DOM,0,NA,NA,NA,NA,NA,-0.08,-19.73,-156.8,No,
O-0402,2012,Ward,Meta,B,2,4,15-Aug-12,DOM,DOM,0,NA,NA,NA,NA,NA,-0.01,-19.62,-154.3,No,
O-0405,2012,Aquashade,NA,NA,NA,3,15-Jul-12,DOM,DOM,0,NA,NA,NA,NA,NA,-0.02,-26.82,-65.4,No,
P-1138,2010,Ward,Epi,C,Epi,1,24-May-10,POM,POM,0,NA,NA,NA,NA,NA,-0.61,-31.77,-170.6,No,
P-1139,2010,Ward,Epi,D,Epi,1,24-May-10,POM,POM,0,NA,NA,NA,NA,NA,-1.24,-31.91,-185.5,No,
P-1140,2010,Ward,Epi,E,Epi,1,24-May-10,POM,POM,0,NA,NA,NA,NA,NA,-0.46,-31.53,-152.4,No,
P-1143,2010,Ward,Meta,C,Meta,1,24-May-10,POM,POM,0,NA,NA,NA,NA,NA,-0.56,-33.34,-176.6,No,
P-1144,2010,Ward,Meta,D,Meta,1,24-May-10,POM,POM,0,NA,NA,NA,NA,NA,-0.06,-33.33,-169.7,No,
P-1145,2010,Ward,Meta,E,Meta,1,24-May-10,POM,POM,0,NA,NA,NA,NA,NA,0.25,-32.77,-159.8,No,
P-1160,2010,Ward,Epi,A,1,2,24-Jun-10,POM,POM,0,NA,NA,NA,NA,NA,-0.01,-31.04,-202.2,No,
P-1161,2010,Ward,Epi,B,1,2,24-Jun-10,POM,POM,0,NA,NA,NA,NA,NA,-2.06,-30.63,-189.6,Yes,
P-1162,2010,Ward,Epi,C,1,2,24-Jun-10,POM,POM,0,NA,NA,NA,NA,NA,-2.31,-30.34,-177,Yes,
P-1163,2010,Ward,Epi,D,1,2,24-Jun-10,POM,POM,0,NA,NA,NA,NA,NA,-1.39,-31.14,-185.1,No,
P-1164,2010,Ward,Epi,E,1,2,24-Jun-10,POM,POM,0,NA,NA,NA,NA,NA,-1.49,-30.57,-175.8,Yes,
P-1165,2010,Ward,Meta,A,3.5,2,24-Jun-10,POM,POM,0,NA,NA,NA,NA,NA,0.35,-35.9,NA,No,
P-1166,2010,Ward,Meta,B,2.5,2,24-Jun-10,POM,POM,0,NA,NA,NA,NA,NA,17.87,-31.72,-189.1,Yes,
P-1167,2010,Ward,Meta,C,3.5,2,25-Jun-10,POM,POM,0,NA,NA,NA,NA,NA,-1.08,-34.88,-203.1,Yes,
P-1168,2010,Ward,Meta,D,3.5,2,24-Jun-10,POM,POM,0,NA,NA,NA,NA,NA,-0.54,-36.38,-210.9,No,
P-1169,2010,Ward,Meta,E,3.5,2,24-Jun-10,POM,POM,0,NA,NA,NA,NA,NA,1.64,-34.89,-190.2,Yes,
P-1170,2010,Ward,Littoral,E,0.5,2,24-Jun-10,POM,POM,0,NA,NA,NA,NA,NA,-1.25,-30.92,-189.7,No,
P-1171,2010,Ward,Hypo,E,6,2,25-Jun-10,POM,POM,0,NA,NA,NA,NA,NA,-3.24,-34.71,-169.1,Yes,
P-1184,2010,Ward,Epi,A,Epi,3,19-Jul-10,POM,POM,0,NA,NA,NA,NA,NA,0.16,-30,-202.1,No,
P-1185,2010,Ward,Epi,B,Epi,3,19-Jul-10,POM,POM,0,NA,NA,NA,NA,NA,-0.66,-30.75,-209.9,No,
P-1186,2010,Ward,Epi,C,Epi,3,19-Jul-10,POM,POM,0,NA,NA,NA,NA,NA,-0.72,-30.28,-205.2,No,
P-1187,2010,Ward,Epi,D,Epi,3,19-Jul-10,POM,POM,0,NA,NA,NA,NA,NA,-0.39,-29.96,-207.6,No,
P-1188,2010,Ward,Epi,E,Epi,3,19-Jul-10,POM,POM,0,NA,NA,NA,NA,NA,0.74,-29.38,-210.5,No,
P-1189,2010,Ward,Meta,A,Meta,3,19-Jul-10,POM,POM,0,NA,NA,NA,NA,NA,-0.64,-34.04,-210,No,
P-1190,2010,Ward,Meta,B,Meta,3,19-Jul-10,POM,POM,0,NA,NA,NA,NA,NA,-0.28,-32.06,-204.8,No,
P-1191,2010,Ward,Meta,C,Meta,3,19-Jul-10,POM,POM,0,NA,NA,NA,NA,NA,-0.81,-33.35,-219.8,No,
P-1192,2010,Ward,Meta,D,Meta,3,19-Jul-10,POM,POM,0,NA,NA,NA,NA,NA,-1.17,-33.88,-219.5,No,
P-1193,2010,Ward,Meta,E,Meta,3,19-Jul-10,POM,POM,0,NA,NA,NA,NA,NA,-1.13,-33.25,-224.4,No,
P-1196,2010,Ward,Epi,A,1,4,19-Aug-10,POM,POM,0,NA,NA,NA,NA,NA,-0.76,-32.17,-201.9,No,
P-1197,2010,Ward,Epi,B,1,4,19-Aug-10,POM,POM,0,NA,NA,NA,NA,NA,0.07,-31.82,-196.7,Yes,
P-1198,2010,Ward,Epi,C,1,4,19-Aug-10,POM,POM,0,NA,NA,NA,NA,NA,-1.56,-32.15,-205.5,Yes,
P-1199,2010,Ward,Epi,D,1,4,19-Aug-10,POM,POM,0,NA,NA,NA,NA,NA,-0.08,-32.45,-207.4,No,
P-1200,2010,Ward,Epi,E,1,4,19-Aug-10,POM,POM,0,NA,NA,NA,NA,NA,-1.38,-32.42,-192.1,Yes,
P-1201,2010,Ward,Meta,A,2.5,4,19-Aug-10,POM,POM,0,NA,NA,NA,NA,NA,-1.09,-33.37,-203.2,No,
P-1202,2010,Ward,Meta,B,2.5,4,19-Aug-10,POM,POM,0,NA,NA,NA,NA,NA,23.77,-33.3,-198.5,Yes,
P-1203,2010,Ward,Meta,C,2.5,4,19-Aug-10,POM,POM,0,NA,NA,NA,NA,NA,-1.77,-32.07,-200.2,Yes,
P-1204,2010,Ward,Meta,D,2.5,4,19-Aug-10,POM,POM,0,NA,NA,NA,NA,NA,-0.86,-32.86,-198.1,No,
P-1205,2010,Ward,Meta,E,2.5,4,19-Aug-10,POM,POM,0,NA,NA,NA,NA,NA,-3.22,-32.36,-193.6,Yes,
P-1206,2010,Ward,Littoral,E,0.5,4,19-Aug-10,POM,POM,0,NA,NA,NA,NA,NA,NA,NA,-200.6,No,
P-1207,2010,Ward,Hypo,E,5.5,4,19-Aug-10,POM,POM,0,NA,NA,NA,NA,NA,-5.83,-33.37,-187,Yes,
P-1238,2012,Ward,Epi,A,0.5,2,19-Jun-12,POM,POM,0,NA,NA,NA,NA,NA,NA,NA,-168.7,No,
P-1239,2012,Ward,Meta,A,1.5,2,19-Jun-12,POM,POM,0,NA,NA,NA,NA,NA,NA,NA,-163.9,No,
P-1240,2012,Ward,Epi,B,0.5,2,19-Jun-12,POM,POM,0,NA,NA,NA,NA,NA,-0.15,-32.65,-169.7,No,
P-1241,2012,Ward,Meta,B,1.5,2,19-Jun-12,POM,POM,0,NA,NA,NA,NA,NA,0.72,-32.11,-159.5,No,
P-1242,2012,Ward,Epi,C,0.5,2,19-Jun-12,POM,POM,0,NA,NA,NA,NA,NA,0.08,-33.41,-172.4,No,
P-1243,2012,Ward,Meta,C,1.5,2,19-Jun-12,POM,POM,0,NA,NA,NA,NA,NA,NA,NA,-169.4,No,
P-1244,2012,Ward,Epi,A,0.5,3,17-Jul-12,POM,POM,0,NA,NA,NA,NA,NA,2.64,-23.87,-187.2,No,
P-1245,2012,Ward,Meta,A,1.5,3,17-Jul-12,POM,POM,0,NA,NA,NA,NA,NA,2.06,-33.17,-172.7,No,
P-1246,2012,Ward,Epi,B,0.5,3,17-Jul-12,POM,POM,0,NA,NA,NA,NA,NA,2.03,-32.33,-181,No,
P-1247,2012,Ward,Meta,B,1.5,3,17-Jul-12,POM,POM,0,NA,NA,NA,NA,NA,2.08,-33.79,-156.9,No,
P-1248,2012,Ward,Epi,C,0.5,3,17-Jul-12,POM,POM,0,NA,NA,NA,NA,NA,1.42,-33.37,-175.3,No,
P-1249,2012,Ward,Meta,C,1.5,3,17-Jul-12,POM,POM,0,NA,NA,NA,NA,NA,1.64,-35.41,-192,No,
P-1256,2012,Ward,Epi,A,0.5,4,14-Aug-12,POM,POM,0,NA,NA,NA,NA,NA,1.05,-31.23,-174.8,No,
P-1257,2012,Ward,Meta,A,2,4,14-Aug-12,POM,POM,0,NA,NA,NA,NA,NA,0.33,-27.81,-171.5,No,
P-1258,2012,Ward,Epi,B,0.5,4,14-Aug-12,POM,POM,0,NA,NA,NA,NA,NA,0.16,-32.7,-171.7,No,
P-1259,2012,Ward,Meta,B,2,4,14-Aug-12,POM,POM,0,NA,NA,NA,NA,NA,0.56,-33.44,-159.5,No,
P-1260,2012,Ward,Epi,C,0.5,4,14-Aug-12,POM,POM,0,NA,NA,NA,NA,NA,0.33,-32.1,-163.4,No,
P-1261,2012,Ward,Meta,C,2,4,14-Aug-12,POM,POM,0,NA,NA,NA,NA,NA,1.72,-32.1,-161.4,No,
V-0001,2001,Database,Terrestrial,NA,NA,NA,24-Jul-01,Terrestrial,Tree,0,NA,NA,NA,NA,NA,-5.3,-29.82,-118.16,Yes,RedMaple
V-0002,2001,Database,Terrestrial,NA,NA,NA,24-Jul-01,Terrestrial,Tree,0,NA,NA,NA,NA,NA,-4.2,-30.36,-118.9,Yes,SugarMaple
V-0003,2001,Database,Terrestrial,NA,NA,NA,24-Jul-01,Terrestrial,Tree,0,NA,NA,NA,NA,NA,-4.96,-30.91,-140.39,Yes,BalsamFir
V-0103,2001,Database,Terrestrial,NA,NA,NA,24-Jul-01,Terrestrial,Tree,0,NA,NA,NA,NA,NA,-5.09,-27.87,-138.83,Yes,BlackSpruce
V-0107,2001,Database,Terrestrial,NA,NA,NA,24-Jul-01,Terrestrial,Tree,0,NA,NA,NA,NA,NA,-4.05,-29.48,-124.34,Yes,YellowBirch
V-0120,2001,Database,Terrestrial,NA,NA,NA,24-Jul-01,Terrestrial,Tree,0,NA,NA,NA,NA,NA,-5.21,-26.56,-120.1,Yes,WhiteCedar
V-0257,2010,Ward,Littoral,A,NA,1,29-May-10,Macrophyte,Nuphar variegata,0,NA,NA,NA,NA,NA,-0.75,-24.14,-139.3,Yes,leaf
V-0260,2010,Ward,Littoral,D,NA,1,31-May-10,Macrophyte,Nuphar variegata,0,NA,NA,NA,NA,NA,-2.91,-24.15,-140.5,Yes,leaf
V-0261,2010,Ward,Littoral,E,NA,1,31-May-10,Macrophyte,Nuphar variegata,0,NA,NA,NA,NA,NA,-2.48,-25.47,-159,Yes,leaf
V-0268,2010,Ward,Littoral,A,NA,1,29-May-10,Macrophyte,Brasenia schreberi,0,NA,NA,NA,NA,NA,-6.44,-23,-137.8,Yes,leaf
V-0269,2010,Ward,Littoral,A,NA,1,29-May-10,Macrophyte,Brasenia schreberi,0,NA,NA,NA,NA,NA,-6.23,-23.23,-143.6,Yes,leaf
V-0270,2010,Ward,Littoral,A,NA,1,29-May-10,Macrophyte,Brasenia schreberi,0,NA,NA,NA,NA,NA,-6.28,-21.79,-107.2,Yes,stem
V-0271,2010,Ward,Terrestrial,A,NA,1,29-May-10,Terrestrial,Sedge,0,NA,NA,NA,NA,NA,0.25,-28.93,-132.6,Yes,
V-0280,2010,Ward,Terrestrial,E,NA,1,31-May-10,Terrestrial,Sedge,0,NA,NA,NA,NA,NA,-2.02,-29.17,-135.3,Yes,
V-0281,2010,Ward,Terrestrial,E,NA,1,31-May-10,Terrestrial,Alder,0,NA,NA,NA,NA,NA,-2.05,-28.01,-138.2,Yes,
V-0284,2010,Ward,Terrestrial,A,NA,1,29-May-10,Terrestrial,Alder,0,NA,NA,NA,NA,NA,-2.02,-27.45,-137.7,Yes,
V-0288,2010,Ward,Littoral,B,0.5,2,25-Jun-10,Macrophyte,Potamogeton pusillus,0,NA,NA,NA,NA,NA,-10.98,-15.73,-143.6,Yes,
V-0289,2010,Ward,Littoral,C,0.5,2,25-Jun-10,Macrophyte,Potamogeton pusillus,0,NA,NA,NA,NA,NA,-9.19,-15.57,-145.8,Yes,
V-0291,2010,Ward,Littoral,E,0.5,2,25-Jun-10,Macrophyte,Najas flexilis,0,NA,NA,NA,NA,NA,-9.34,-17.26,-133.4,Yes,
V-0292,2010,Ward,Littoral,B,0.5,2,25-Jun-10,Macrophyte,Chara,0,NA,NA,NA,NA,NA,-5.32,-16.31,-129.5,Yes,
V-0293,2010,Ward,Littoral,C,0.5,2,25-Jun-10,Macrophyte,Chara,0,NA,NA,NA,NA,NA,-3.04,-16.23,-104.1,Yes,
V-0295,2010,Ward,Littoral,E,0.5,2,25-Jun-10,Macrophyte,Chara,0,NA,NA,NA,NA,NA,-7.14,-13.77,-117.5,Yes,
V-0296,2010,Ward,Littoral,A,NA,2,26-Jun-10,Macrophyte,Brasenia schreberi,0,NA,NA,NA,NA,NA,-5.14,-24.18,-153.3,Yes,
V-0297,2010,Ward,Littoral,A,NA,2,26-Jun-10,Macrophyte,Nuphar variegata,0,NA,NA,NA,NA,NA,-1.47,-23.82,-150,Yes,
V-0299,2010,Ward,Littoral,B,0.5,2,25-Jun-10,Macrophyte,Nymphaea odorata,0,NA,NA,NA,NA,NA,-5.19,-23.94,-138,Yes,
V-0300,2010,Ward,Littoral,C,0.5,2,25-Jun-10,Macrophyte,Nymphaea odorata,0,NA,NA,NA,NA,NA,-1.9,-25.49,-139,Yes,
V-0301,2010,Ward,Littoral,E,0.5,2,25-Jun-10,Macrophyte,Nymphaea odorata,0,NA,NA,NA,NA,NA,-6.46,-23.56,-144.6,Yes,
V-0319,2010,Ward,Littoral,A,NA,3,21-Jul-10,Macrophyte,Chara,0,NA,NA,NA,NA,NA,-3.81,-17.66,-133.8,Yes,
V-0320,2010,Ward,Littoral,B,NA,3,21-Jul-10,Macrophyte,Chara,0,NA,NA,NA,NA,NA,-3.85,-19.42,-112.2,Yes,
V-0329,2010,Ward,Littoral,A,NA,3,21-Jul-10,Macrophyte,Nuphar variegata,0,NA,NA,NA,NA,NA,-0.58,-24.6,-152,Yes,
V-0330,2010,Ward,Littoral,A,NA,3,21-Jul-10,Macrophyte,Brasenia schreberi,0,NA,NA,NA,NA,NA,-3.11,-24.14,-151.8,Yes,
V-0337,2010,Ward,Terrestrial,B,NA,3,20-Jul-10,Terrestrial,Sedge,0,NA,NA,NA,NA,NA,-1.14,-30.25,-140,Yes,
V-0338,2010,Ward,Terrestrial,C,NA,3,20-Jul-10,Terrestrial,Sedge,0,NA,NA,NA,NA,NA,-0.92,-29.68,-149.1,Yes,
V-0340,2010,Ward,Terrestrial,E,NA,3,20-Jul-10,Terrestrial,Sedge,0,NA,NA,NA,NA,NA,-2.15,-28.9,-153.3,Yes,
V-0342,2010,Ward,Terrestrial,B,NA,3,20-Jul-10,Terrestrial,Alder,0,NA,NA,NA,NA,NA,-1.55,-27.36,-154.9,Yes,
V-0343,2010,Ward,Terrestrial,C,NA,3,20-Jul-10,Terrestrial,Alder,0,NA,NA,NA,NA,NA,-1.85,-27.75,-161.9,Yes,
V-0345,2010,Ward,Terrestrial,E,NA,3,20-Jul-10,Terrestrial,Alder,0,NA,NA,NA,NA,NA,-1.6,-29.33,-159.3,Yes,
V-0353,2010,Ward,Littoral,C,NA,3,21-Jul-10,Macrophyte,Potamogeton pusillus,0,NA,NA,NA,NA,NA,-0.14,-12.61,-141.6,Yes,
V-0354,2010,Ward,Littoral,D,NA,3,21-Jul-10,Macrophyte,Potamogeton pusillus,0,NA,NA,NA,NA,NA,-8.66,-13.34,-134.8,Yes,
V-0361,2010,Ward,Littoral,A,NA,4,18-Aug-10,Macrophyte,Nymphaea odorata,0,NA,NA,NA,NA,NA,0.54,-23.65,-148.7,Yes,
V-0363,2010,Ward,Littoral,C,NA,4,18-Aug-10,Macrophyte,Nymphaea odorata,0,NA,NA,NA,NA,NA,-2.03,-24.94,-145.7,Yes,
V-0366,2010,Ward,Littoral,A,NA,4,18-Aug-10,Macrophyte,Potamogeton pusillus,0,NA,NA,NA,NA,NA,-11.87,-13.43,-137.3,Yes,
V-0414,2012,Ward,Littoral,C,NA,2,18-Jun-12,Macrophyte,Najas flexilis,0,NA,NA,NA,NA,NA,-6.55,-23.55,-142.8,No,
V-0417,2012,Ward,Littoral,B,NA,3,16-Jul-12,Macrophyte,Nymphaea odorata,0,NA,NA,NA,NA,NA,-2.5,-23.54,-141.2,No,
V-0420,2012,Ward,Littoral,B,NA,3,16-Jul-12,Macrophyte,Nuphar variegata,0,NA,NA,NA,NA,NA,-1.43,-24.01,-145.8,No,
V-0423,2012,Ward,Littoral,B,NA,3,16-Jul-12,Macrophyte,Potamogeton pusillus,0,NA,NA,NA,NA,NA,-1.13,-23.46,-135.5,No,
V-0426,2012,Ward,Littoral,B,NA,3,16-Jul-12,Macrophyte,Brasenia schreberi,0,NA,NA,NA,NA,NA,-5.65,-23.81,-140.6,No,
V-0434,2012,Ward,Terrestrial,A,NA,3,16-Jul-12,Terrestrial,Tamarack,0,NA,NA,NA,NA,NA,-6.24,-28.94,-172.6,No,
V-0436,2012,Ward,Littoral,B,NA,3,16-Jul-12,Macrophyte,Potamogeton amplifolius,0,NA,NA,NA,NA,NA,-1.32,-20.83,-130.6,No,
V-0439,2012,Ward,Littoral,B,NA,3,16-Jul-12,Macrophyte,Pickerell Weed,0,NA,NA,NA,NA,NA,-1.67,-28,-131.1,No,
V-0442,2012,Ward,Littoral,B,NA,3,16-Jul-12,Macrophyte,Najas flexilis,0,NA,NA,NA,NA,NA,-6.55,-21.36,-125.1,No,
V-0445,2012,Ward,Littoral,B,NA,3,16-Jul-12,Macrophyte,Potamogeton nodosus,0,NA,NA,NA,NA,NA,-6.1,-25.24,-170.3,No,
V-0449,2012,Ward,Littoral,C,NA,4,13-Aug-12,Macrophyte,Potamogeton nodosus,0,NA,NA,NA,NA,NA,-4.84,-25.15,-180.5,No,
V-0454,2012,Ward,Littoral,C,NA,4,13-Aug-12,Macrophyte,Nymphaea odorata,0,NA,NA,NA,NA,NA,-3.79,-24.94,-143.6,No,
V-0455,2012,Ward,Littoral,C,NA,4,13-Aug-12,Macrophyte,Potamogeton amplifolius,0,NA,NA,NA,NA,NA,-0.43,-19.9,-133.4,No,
V-0457,2012,Ward,Littoral,C,NA,4,13-Aug-12,Macrophyte,Brasenia schreberi,0,NA,NA,NA,NA,NA,-6.66,-24.78,-153.8,No,
V-0462,2012,Ward,Littoral,C,NA,4,13-Aug-12,Macrophyte,Nuphar variegata,0,NA,NA,NA,NA,NA,-3.46,-25.14,-166.9,No,
V-0466,2012,Ward,Littoral,C,NA,4,13-Aug-12,Macrophyte,Pickerell Weed,0,NA,NA,NA,NA,NA,-1.01,-28.91,-135.1,No,
V-0468,2012,Ward,Terrestrial,B,NA,4,13-Aug-12,Terrestrial,Tamarack,0,NA,NA,NA,NA,NA,-4.29,-28.95,-170.1,No,
V-0470,2012,Ward,Littoral,C,NA,4,13-Aug-12,Macrophyte,Najas flexilis,0,NA,NA,NA,NA,NA,-6.86,-19.02,-131.6,No,
V-0472,2012,Ward,Littoral,C,NA,4,13-Aug-12,Macrophyte,Potamogeton pusillus,0,NA,NA,NA,NA,NA,-6.25,-19.74,-122.6,No,
V-0473,2012,Ward,Terrestrial,C,NA,4,13-Aug-12,Terrestrial,Sedge,0,NA,NA,NA,NA,NA,1.15,-29.07,-145.5,No,
V-0476,2012,Ward,Terrestrial,C,NA,4,13-Aug-12,Terrestrial,Alder,0,NA,NA,NA,NA,NA,-0.74,-27.99,-165.1,No,
V-0484,2012,Ward,Littoral,C,NA,4,13-Aug-12,Macrophyte,Chara,0,NA,NA,NA,NA,NA,-4.76,-19.79,-117,No,
W-0088,2010,Ward,Epi,E,0,1,7-Jun-10,Water,Water,NA,NA,NA,NA,NA,NA,NA,NA,-73.3,Yes,
W-0093,2010,Ward,Meta,E,2.5,1,7-Jun-10,Water,Water,NA,NA,NA,NA,NA,NA,NA,NA,-73.99,Yes,
W-0095,2010,Ward,Hypo,E,6,1,7-Jun-10,Water,Water,NA,NA,NA,NA,NA,NA,NA,NA,-77.21,Yes,
W-0100,2010,Ward,Epi,E,1,2,23-Jun-10,Water,Water,NA,NA,NA,NA,NA,NA,NA,NA,-71.09,Yes,
W-0105,2010,Ward,Meta,E,3.5,2,23-Jun-10,Water,Water,NA,NA,NA,NA,NA,NA,NA,NA,-75.1,Yes,
W-0107,2010,Ward,Hypo,E,6,2,23-Jun-10,Water,Water,NA,NA,NA,NA,NA,NA,NA,NA,-77.13,Yes,
W-0123,2010,Ward,Epi,E,1,3,21-Jul-10,Water,Water,NA,NA,NA,NA,NA,NA,NA,NA,-66.74,Yes,
W-0128,2010,Ward,Meta,E,2.5,3,21-Jul-10,Water,Water,NA,NA,NA,NA,NA,NA,NA,NA,-68.08,Yes,
W-0130,2010,Ward,Hypo,E,6,3,21-Jul-10,Water,Water,NA,NA,NA,NA,NA,NA,NA,NA,-76.3,Yes,
W-0135,2010,Ward,Epi,E,1,4,18-Aug-10,Water,Water,NA,NA,NA,NA,NA,NA,NA,NA,-62.78,Yes,
W-0140,2010,Ward,Meta,E,2.5,4,18-Aug-10,Water,Water,NA,NA,NA,NA,NA,NA,NA,NA,-63.68,Yes,
W-0142,2010,Ward,Hypo,E,6,4,18-Aug-10,Water,Water,NA,NA,NA,NA,NA,NA,NA,NA,-77.05,Yes,
W-0143,2012,Ward,Epi,A,0.5,2,19-Jun-12,Water,Water,NA,NA,NA,NA,NA,NA,NA,NA,-61.24,No,
W-0144,2012,Ward,Meta,A,1.5,2,19-Jun-12,Water,Water,NA,NA,NA,NA,NA,NA,NA,NA,-64.4,No,
W-0145,2012,Ward,Epi,B,0.5,2,19-Jun-12,Water,Water,NA,NA,NA,NA,NA,NA,NA,NA,-61.9,No,
W-0146,2012,Ward,Meta,B,1.5,2,19-Jun-12,Water,Water,NA,NA,NA,NA,NA,NA,NA,NA,-64.43,No,
W-0147,2012,Ward,Epi,C,0.5,2,19-Jun-12,Water,Water,NA,NA,NA,NA,NA,NA,NA,NA,-61.04,No,
W-0148,2012,Ward,Meta,C,1.5,2,19-Jun-12,Water,Water,NA,NA,NA,NA,NA,NA,NA,NA,-63.2,No,
W-0149,2012,Ward,Epi,A,0.5,3,17-Jul-12,Water,Water,NA,NA,NA,NA,NA,NA,NA,NA,-52.97,No,
W-0150,2012,Ward,Meta,A,1.5,3,17-Jul-12,Water,Water,NA,NA,NA,NA,NA,NA,NA,NA,-59.31,No,
W-0151,2012,Ward,Epi,B,0.5,3,17-Jul-12,Water,Water,NA,NA,NA,NA,NA,NA,NA,NA,-53.05,No,
W-0152,2012,Ward,Meta,B,1.5,3,17-Jul-12,Water,Water,NA,NA,NA,NA,NA,NA,NA,NA,-57.41,No,
W-0153,2012,Ward,Epi,C,0.5,3,17-Jul-12,Water,Water,NA,NA,NA,NA,NA,NA,NA,NA,-53.54,No,
W-0154,2012,Ward,Meta,C,1.5,3,17-Jul-12,Water,Water,NA,NA,NA,NA,NA,NA,NA,NA,-64.87,No,
W-0155,2012,Ward,Epi,A,0.5,4,14-Aug-12,Water,Water,NA,NA,NA,NA,NA,NA,NA,NA,-54.99,No,
W-0156,2012,Ward,Meta,A,1.5,4,14-Aug-12,Water,Water,NA,NA,NA,NA,NA,NA,NA,NA,-60.33,No,
W-0157,2012,Ward,Epi,B,0.5,4,14-Aug-12,Water,Water,NA,NA,NA,NA,NA,NA,NA,NA,-55.42,No,
W-0158,2012,Ward,Meta,B,1.5,4,14-Aug-12,Water,Water,NA,NA,NA,NA,NA,NA,NA,NA,-60.44,No,
W-0159,2012,Ward,Epi,C,0.5,4,14-Aug-12,Water,Water,NA,NA,NA,NA,NA,NA,NA,NA,-54.95,No,
W-0160,2012,Ward,Meta,C,1.5,4,14-Aug-12,Water,Water,NA,NA,NA,NA,NA,NA,NA,NA,-58.49,No,
Z-1109,2010,Ward,Epi,A,0.5,1,24-May-10,Zooplankton,Calanoid,1,NA,NA,NA,NA,NA,4.12,-34.46,-196,No,
Z-1110,2010,Ward,Epi,B,0.5,1,24-May-10,Zooplankton,Calanoid,1,NA,NA,NA,NA,NA,NA,NA,-197.4,No,
Z-1111,2010,Ward,Epi,C,0.5,1,24-May-10,Zooplankton,Calanoid,1,NA,NA,NA,NA,NA,4.1,-34.94,-197.7,No,
Z-1112,2010,Ward,Epi,D,0.5,1,24-May-10,Zooplankton,Calanoid,1,NA,NA,NA,NA,NA,4.09,-35.23,-199.4,No,
Z-1113,2010,Ward,Epi,E,0.5,1,24-May-10,Zooplankton,Calanoid,1,NA,NA,NA,NA,NA,4.23,-34.77,-197.8,No,
Z-1114,2010,Ward,Meta,A,2.5,1,24-May-10,Zooplankton,Mesocyclops,1,NA,NA,NA,NA,NA,4.74,-36.12,-177.3,No,
Z-1115,2010,Ward,Meta,B,2.5,1,24-May-10,Zooplankton,Mesocyclops,1,NA,NA,NA,NA,NA,NA,NA,-174.1,No,
Z-1116,2010,Ward,Meta,C,2.5,1,24-May-10,Zooplankton,Mesocyclops,1,NA,NA,NA,NA,NA,5.17,-35.84,-175.8,No,
Z-1117,2010,Ward,Meta,D,2.5,1,24-May-10,Zooplankton,Mesocyclops,1,NA,NA,NA,NA,NA,5.11,-36.09,-177.7,No,
Z-1118,2010,Ward,Meta,E,2.5,1,24-May-10,Zooplankton,Mesocyclops,1,NA,NA,NA,NA,NA,5.31,-36.53,-176.6,No,
Z-1119,2010,Ward,Integrated,A,Integrated,1,4-Jun-10,Zooplankton,Chaoborus,2,NA,NA,NA,NA,NA,5.59,-34.22,-191.3,No,
Z-1120,2010,Ward,Integrated,B,Integrated,1,4-Jun-10,Zooplankton,Chaoborus,2,NA,NA,NA,NA,NA,5.47,-34.26,-195.3,No,
Z-1121,2010,Ward,Integrated,C,Integrated,1,4-Jun-10,Zooplankton,Chaoborus,2,NA,NA,NA,NA,NA,5.81,-34.59,-190.8,No,
Z-1122,2010,Ward,Integrated,D,Integrated,1,4-Jun-10,Zooplankton,Chaoborus,2,NA,NA,NA,NA,NA,5.8,-34.26,-183.3,No,
Z-1123,2010,Ward,Integrated,E,Integrated,1,4-Jun-10,Zooplankton,Chaoborus,2,NA,NA,NA,NA,NA,5.62,-34.58,-193.2,No,
Z-1124,2010,Ward,Epi,A,1,2,21-Jun-10,Zooplankton,Calanoid,1,NA,NA,NA,NA,NA,3.55,-33.27,-205.4,No,
Z-1125,2010,Ward,Epi,B,1,2,21-Jun-10,Zooplankton,Calanoid,1,NA,NA,NA,NA,NA,3.33,-32.71,-193.9,Yes,
Z-1126,2010,Ward,Epi,C,1,2,21-Jun-10,Zooplankton,Calanoid,1,NA,NA,NA,NA,NA,3.33,-32.77,-190.7,Yes,
Z-1127,2010,Ward,Epi,D,1,2,21-Jun-10,Zooplankton,Calanoid,1,NA,NA,NA,NA,NA,3.5,-32.64,-199.1,No,
Z-1128,2010,Ward,Epi,E,1,2,21-Jun-10,Zooplankton,Calanoid,1,NA,NA,NA,NA,NA,3.43,-33.05,-194.3,Yes,
Z-1129,2010,Ward,Meta,A,3,2,21-Jun-10,Zooplankton,Calanoid,1,NA,NA,NA,NA,NA,4.09,-34.91,-199.7,No,
Z-1130,2010,Ward,Meta,B,2.25,2,21-Jun-10,Zooplankton,Calanoid,1,NA,NA,NA,NA,NA,3.49,-33.86,-192.4,Yes,
Z-1131,2010,Ward,Meta,C,3,2,21-Jun-10,Zooplankton,Calanoid,1,NA,NA,NA,NA,NA,3.98,-35.01,-184.7,Yes,
Z-1132,2010,Ward,Meta,D,3,2,21-Jun-10,Zooplankton,Calanoid,1,NA,NA,NA,NA,NA,4.22,-34.92,-194.7,No,
Z-1133,2010,Ward,Meta,E,3,2,21-Jun-10,Zooplankton,Calanoid,1,NA,NA,NA,NA,NA,3.97,-34.79,-189,Yes,
Z-1134,2010,Ward,Integrated,A,Integrated,2,22-Jun-10,Zooplankton,Chaoborus,2,NA,NA,NA,NA,NA,5.47,-33.55,-194.6,No,
Z-1135,2010,Ward,Pelagic,B,all,2,22-Jun-10,Zooplankton,Chaoborus,2,NA,NA,NA,NA,NA,5.01,-33.67,-184.5,Yes,
Z-1136,2010,Ward,Pelagic,C,all,2,22-Jun-10,Zooplankton,Chaoborus,2,NA,NA,NA,NA,NA,5.5,-33.81,-178.6,Yes,
Z-1137,2010,Ward,Integrated,D,Integrated,2,22-Jun-10,Zooplankton,Chaoborus,2,NA,NA,NA,NA,NA,5.6,-33.61,-196,No,
Z-1138,2010,Ward,Pelagic,E,all,2,22-Jun-10,Zooplankton,Chaoborus,2,NA,NA,NA,NA,NA,5.57,-33.47,-178.7,Yes,
Z-1139,2010,Ward,Epi,A,NA,3,19-Jul-10,Zooplankton,Calanoid,1,NA,NA,NA,NA,NA,3.72,-32.33,-195.3,No,
Z-1140,2010,Ward,Epi,B,NA,3,19-Jul-10,Zooplankton,Calanoid,1,NA,NA,NA,NA,NA,3.59,-32.6,-191.6,No,
Z-1141,2010,Ward,Epi,C,NA,3,19-Jul-10,Zooplankton,Calanoid,1,NA,NA,NA,NA,NA,3.86,-32.95,-196.1,No,
Z-1142,2010,Ward,Epi,D,NA,3,19-Jul-10,Zooplankton,Calanoid,1,NA,NA,NA,NA,NA,3.84,-32.76,-198.7,No,
Z-1143,2010,Ward,Epi,E,NA,3,19-Jul-10,Zooplankton,Calanoid,1,NA,NA,NA,NA,NA,3.77,-32.84,-198.4,No,
Z-1144,2010,Ward,Meta,A,NA,3,19-Jul-10,Zooplankton,Calanoid,1,NA,NA,NA,NA,NA,3.93,-34.47,-194.7,No,
Z-1145,2010,Ward,Meta,B,NA,3,19-Jul-10,Zooplankton,Calanoid,1,NA,NA,NA,NA,NA,3.71,-33.01,-194.3,No,
Z-1146,2010,Ward,Meta,C,NA,3,19-Jul-10,Zooplankton,Calanoid,1,NA,NA,NA,NA,NA,3.97,-34.94,-190.9,No,
Z-1147,2010,Ward,Meta,D,NA,3,19-Jul-10,Zooplankton,Calanoid,1,NA,NA,NA,NA,NA,4.08,-34.74,-194.1,No,
Z-1148,2010,Ward,Meta,E,NA,3,19-Jul-10,Zooplankton,Calanoid,1,NA,NA,NA,NA,NA,4,-33.95,-196.6,No,
Z-1149,2010,Ward,Integrated,A,Integrated,3,22-Jul-10,Zooplankton,Chaoborus,2,NA,NA,NA,NA,NA,3.94,-31.39,-189.9,No,
Z-1150,2010,Ward,Integrated,B,Integrated,3,22-Jul-10,Zooplankton,Chaoborus,2,NA,NA,NA,NA,NA,3.44,-31.08,-189,No,
Z-1151,2010,Ward,Integrated,C,Integrated,3,22-Jul-10,Zooplankton,Chaoborus,2,NA,NA,NA,NA,NA,4.5,-32.4,-194,No,
Z-1152,2010,Ward,Integrated,D,Integrated,3,22-Jul-10,Zooplankton,Chaoborus,2,NA,NA,NA,NA,NA,4.09,-32.18,-178.5,No,
Z-1153,2010,Ward,Integrated,E,Integrated,3,22-Jul-10,Zooplankton,Chaoborus,2,NA,NA,NA,NA,NA,4.01,-32.16,-181,No,
Z-1154,2010,Ward,Epi,A,NA,4,16-Aug-10,Zooplankton,Calanoid,1,NA,NA,NA,NA,NA,3.62,-32.72,-187.9,No,
Z-1155,2010,Ward,Epi,B,1,4,16-Aug-10,Zooplankton,Calanoid,1,NA,NA,NA,NA,NA,3.68,-32.81,-185.9,Yes,
Z-1156,2010,Ward,Epi,C,1,4,16-Aug-10,Zooplankton,Calanoid,1,NA,NA,NA,NA,NA,3.58,-33,-187.2,Yes,
Z-1157,2010,Ward,Epi,D,NA,4,16-Aug-10,Zooplankton,Calanoid,1,NA,NA,NA,NA,NA,3.64,-33.07,-188.7,No,
Z-1158,2010,Ward,Epi,E,1,4,16-Aug-10,Zooplankton,Calanoid,1,NA,NA,NA,NA,NA,3.73,-32.94,-185.8,Yes,
Z-1159,2010,Ward,Meta,A,NA,4,16-Aug-10,Zooplankton,Calanoid,1,NA,NA,NA,NA,NA,3.8,-33.18,-188.9,No,
Z-1160,2010,Ward,Meta,B,2,4,16-Aug-10,Zooplankton,Calanoid,1,NA,NA,NA,NA,NA,3.55,-33.3,-181.4,Yes,
Z-1161,2010,Ward,Meta,C,2.5,4,16-Aug-10,Zooplankton,Calanoid,1,NA,NA,NA,NA,NA,3.58,-33.71,-183,Yes,
Z-1162,2010,Ward,Meta,D,NA,4,16-Aug-10,Zooplankton,Calanoid,1,NA,NA,NA,NA,NA,3.96,-33.5,-186.6,No,
Z-1163,2010,Ward,Meta,E,2.5,4,16-Aug-10,Zooplankton,Calanoid,1,NA,NA,NA,NA,NA,3.75,-33.74,-186.7,Yes,
Z-1164,2010,Ward,Integrated,A,Integrated,4,18-Aug-10,Zooplankton,Chaoborus,2,NA,NA,NA,NA,NA,5.31,-32.32,-172.2,No,
Z-1165,2010,Ward,Pelagic,B,all,4,18-Aug-10,Zooplankton,Chaoborus,2,NA,NA,NA,NA,NA,3.68,-31.99,-159.9,Yes,
Z-1166,2010,Ward,Pelagic,C,all,4,18-Aug-10,Zooplankton,Chaoborus,2,NA,NA,NA,NA,NA,3.74,-31.86,-160.1,Yes,
Z-1167,2010,Ward,Integrated,D,Integrated,4,18-Aug-10,Zooplankton,Chaoborus,2,NA,NA,NA,NA,NA,4.26,-31.86,-157.6,No,
Z-1168,2010,Ward,Pelagic,E,all,4,18-Aug-10,Zooplankton,Chaoborus,2,NA,NA,NA,NA,NA,4.15,-31.95,-156.8,Yes,
Z-1169,2012,Ward,Integrated,A,0-4,2,18-Jun-12,Zooplankton,Chaoborus,2,NA,NA,NA,NA,NA,6.42,-34.8,-177.7,No,
Z-1170,2012,Ward,Integrated,B,0-4,2,18-Jun-12,Zooplankton,Chaoborus,2,NA,NA,NA,NA,NA,18.41,-29.87,-204.2,No,
Z-1171,2012,Ward,Integrated,C,0-4,2,18-Jun-12,Zooplankton,Chaoborus,2,NA,NA,NA,NA,NA,6.19,-33.81,-186,No,
Z-1172,2012,Ward,Epi,A,0.5,2,19-Jun-12,Zooplankton,Calanoid,1,NA,NA,NA,NA,NA,4.75,-35.5,-176.1,No,
Z-1173,2012,Ward,Meta,A,1.5,2,19-Jun-12,Zooplankton,Calanoid,1,NA,NA,NA,NA,NA,4.02,-38.81,-241,No,
Z-1174,2012,Ward,Epi,B,0.5,2,19-Jun-12,Zooplankton,Calanoid,1,NA,NA,NA,NA,NA,6.14,-36.57,-208.9,No,
Z-1175,2012,Ward,Meta,B,1.5,2,19-Jun-12,Zooplankton,Calanoid,1,NA,NA,NA,NA,NA,4.66,-37.89,-200.2,No,
Z-1176,2012,Ward,Epi,C,0.5,2,19-Jun-12,Zooplankton,Calanoid,1,NA,NA,NA,NA,NA,5.23,-38.04,-228.7,No,
Z-1177,2012,Ward,Meta,C,1.5,2,19-Jun-12,Zooplankton,Calanoid,1,NA,NA,NA,NA,NA,5.74,-36.66,-220.3,No,
Z-1178,2012,Ward,Meta,A,1.5,2,19-Jun-12,Zooplankton,Mesocyclops,1,NA,NA,NA,NA,NA,7.71,-34.26,-180.1,No,
Z-1179,2012,Ward,Meta,B,1.5,2,19-Jun-12,Zooplankton,Mesocyclops,1,NA,NA,NA,NA,NA,4.54,-35.82,-157.6,No,
Z-1180,2012,Ward,Meta,C,1.5,2,19-Jun-12,Zooplankton,Mesocyclops,1,NA,NA,NA,NA,NA,5.99,-35.45,-175.2,No,
Z-1181,2012,Ward,Integrated,A,0-4,3,16-Jul-12,Zooplankton,Chaoborus,2,NA,NA,NA,NA,NA,6.93,-33.45,-178.6,No,
Z-1182,2012,Ward,Integrated,B,0-4,3,16-Jul-12,Zooplankton,Chaoborus,2,NA,NA,NA,NA,NA,7.89,-32.31,-178.9,No,
Z-1183,2012,Ward,Integrated,C,0-4,3,16-Jul-12,Zooplankton,Chaoborus,2,NA,NA,NA,NA,NA,6.27,-33.78,-171.3,No,
Z-1184,2012,Ward,Meta,A,1.5,3,17-Jul-12,Zooplankton,Calanoid,1,NA,NA,NA,NA,NA,10.87,-36.39,-230.1,No,
Z-1185,2012,Ward,Meta,A,1.5,3,17-Jul-12,Zooplankton,Mesocyclops,1,NA,NA,NA,NA,NA,5.68,-36.03,-188.6,No,
Z-1186,2012,Ward,Meta,B,1.5,3,17-Jul-12,Zooplankton,Calanoid,1,NA,NA,NA,NA,NA,6.74,-37.39,-176.8,No,
Z-1187,2012,Ward,Meta,B,1.5,3,17-Jul-12,Zooplankton,Mesocyclops,1,NA,NA,NA,NA,NA,5.17,-35.5,-180.8,No,
Z-1188,2012,Ward,Meta,C,1.5,3,17-Jul-12,Zooplankton,Calanoid,1,NA,NA,NA,NA,NA,6.66,-36.73,-212.3,No,
Z-1189,2012,Ward,Meta,C,1.5,3,17-Jul-12,Zooplankton,Mesocyclops,1,NA,NA,NA,NA,NA,6.12,-34.76,-168.4,No,
Z-1190,2012,Ward,Epi,A,0.5,3,17-Jul-12,Zooplankton,Calanoid,1,NA,NA,NA,NA,NA,7.98,-33.99,-144.2,No,
Z-1191,2012,Ward,Epi,B,0.5,3,17-Jul-12,Zooplankton,Calanoid,1,NA,NA,NA,NA,NA,8.24,-34.32,-186.4,No,
Z-1192,2012,Ward,Epi,C,0.5,3,17-Jul-12,Zooplankton,Calanoid,1,NA,NA,NA,NA,NA,7.02,-35.84,-206.5,No,
Z-1193,2012,Ward,Integrated,A,0-4,4,15-Aug-12,Zooplankton,Chaoborus,2,NA,NA,NA,NA,NA,5.61,-32.75,-169.2,No,
Z-1194,2012,Ward,Integrated,B,0-4,4,15-Aug-12,Zooplankton,Chaoborus,2,NA,NA,NA,NA,NA,6.22,-32.95,-156.7,No,
Z-1195,2012,Ward,Integrated,C,0-4,4,15-Aug-12,Zooplankton,Chaoborus,2,NA,NA,NA,NA,NA,21.92,-29.65,-162.7,No,
Z-1196,2012,Ward,Meta,A,2,4,15-Aug-12,Zooplankton,Calanoid,1,NA,NA,NA,NA,NA,4.18,-35.05,-190,No,
Z-1197,2012,Ward,Meta,A,2,4,15-Aug-12,Zooplankton,Mesocyclops,1,NA,NA,NA,NA,NA,3.37,-35.07,-187.8,No,
Z-1198,2012,Ward,Meta,B,2,4,15-Aug-12,Zooplankton,Calanoid,1,NA,NA,NA,NA,NA,5.89,-34.65,-182.3,No,
Z-1200,2012,Ward,Meta,C,2,4,15-Aug-12,Zooplankton,Calanoid,1,NA,NA,NA,NA,NA,3.68,-35.48,-212.8,No,
Z-1202,2012,Ward,Epi,A,0.5,4,15-Aug-12,Zooplankton,Calanoid,1,NA,NA,NA,NA,NA,7.53,-32.77,-164.4,No,
Z-1203,2012,Ward,Epi,B,0.5,4,15-Aug-12,Zooplankton,Calanoid,1,NA,NA,NA,NA,NA,6.95,-32.4,-165.9,No,
Z-1204,2012,Ward,Epi,C,0.5,4,15-Aug-12,Zooplankton,Calanoid,1,NA,NA,NA,NA,NA,6.77,-33.67,-184,No,
